All_Bonds;SP_500
101,4283;1520,77
101,4031;1520,77
101,3234;1507,08
101,1622;1492,25
101,1622;1502,51
101,0659;1494,5
101,1134;1489,26
101,0705;1481,99
101,1132;1484,91
101,1673;1480,87
101,0896;1465,81
100,9089;1444,51
101,0529;1459,9
101,0909;1451,34
101,0909;1449,05
101,0909;1448,72
101,0909;1439,03
101,0909;1427,21
101,0909;1426,57
101,0909;1458,29
101,0909;1436,51
101,5743;1436,23
101,5828;1426,46
101,5268;1434,32
101,4377;1436,28
101,538;1408,99
101,7427;1402,03
101,732;1387,02
102,0184;1364,59
102,0672;1329,78
102,0299;1374,17
101,9457;1374,62
101,9402;1349,97
101,9694;1342,13
101,9916;1388,76
101,957;1396,93
101,957;1395,78
102,0305;1398,13
102,0305;1364,9
102,0305;1364,44
102,0305;1379,58
102,0305;1398,66
102,0305;1429,4
102,1362;1421,22
102,1397;1428,32
102,1544;1426,69
102,0922;1432,19
102,0922;1431,87
101,9665;1409,28
102,1069;1400,14
102,1921;1365,98
102,3344;1351,26
102,3525;1382,95
102,3954;1389,81
102,529;1372,32
102,5214;1367,72
102,5846;1342,62
102,5846;1347,35
102,5846;1322,36
102,5846;1322,36
102,874;1341,77
102,874;1348,97
102,874;1336,09
102,874;1341,91
102,874;1314,95
103,5974;1315,23
103,8377;1324,97
103,8739;1376,54
103,9446;1351,46
103,9446;1343,55
103,8714;1369,89
103,8115;1380,2
103,7961;1371,18
104,0904;1359,99
104,336;1340,93
104,5751;1312,15
104,7297;1322,74
104,4881;1305,6
104,6019;1264,74
104,6019;1274,86
104,6019;1305,97
104,6019;1305,97
104,6019;1315,19
104,6019;1328,92
104,6019;1334,22
104,6019;1320,28
104,9883;1320,28
105,6264;1283,27
105,7282;1347,56
105,6756;1333,34
105,8967;1298,35
105,8967;1295,86
105,5947;1300,8
105,3266;1313,27
105,5113;1326,82
105,1311;1318,32
105,1968;1318,32
105,0949;1326,65
105,1948;1329,47
105,3175;1347,97
105,245;1342,54
105,245;1342,9
105,245;1360,4
105,245;1364,3
105,245;1357,51
105,245;1354,95
105,245;1364,17
105,245;1373,73
105,245;1366,01
105,6904;1373,47
105,7462;1349,47
105,8895;1354,31
105,8534;1352,26
105,9721;1340,89
105,9721;1332,53
105,9731;1314,76
105,987;1330,31
105,987;1318,8
105,8893;1315,92
105,5881;1326,61
105,7184;1301,53
105,8093;1301,53
105,7531;1278,94
105,6333;1255,27
105,6333;1252,82
105,6333;1245,86
105,6333;1267,65
105,6333;1257,94
105,6333;1239,94
106,2245;1241,23
106,3023;1234,18
106,1615;1241,41
106,2572;1253,8
106,2811;1261,89
106,2811;1264,74
106,5057;1233,42
106,5809;1180,16
106,5809;1197,66
106,6492;1166,71
106,738;1173,56
106,9639;1150,53
106,8003;1170,81
106,726;1142,62
107,0124;1122,14
107,0124;1117,58
107,0124;1139,83
107,0124;1152,69
107,0124;1182,17
107,0124;1153,29
107,0124;1147,95
107,0124;1160,33
106,8971;1145,87
107,0153;1106,46
106,7838;1103,25
106,83;1151,44
107,1046;1128,43
107,0597;1137,59
106,8499;1168,38
106,412;1165,89
106,3594;1183,5
106,3594;1183,5
106,3593;1179,68
106,1852;1191,81
106,0358;1238,16
105,7389;1253,7
105,9301;1242,98
105,9301;1224,36
105,8687;1209,47
105,8687;1228,75
105,8687;1234,52
105,8687;1253,05
105,8687;1249,46
105,5315;1266,44
105,6705;1267,43
105,9379;1248,58
106,0974;1266,61
106,1126;1263,51
106,1126;1261,2
106,3015;1255,54
106,4786;1255,18
106,1117;1245,67
105,7687;1248,92
105,7338;1249,44
105,8086;1284,99
105,9267;1288,49
105,9338;1291,96
105,9723;1312,83
105,9723;1309,38
105,9723;1289,05
105,6391;1293,17
105,6391;1277,89
105,6391;1277,89
105,6391;1267,93
105,6391;1248,08
105,6391;1255,82
106,2348;1260,67
106,2719;1267,11
106,6029;1283,57
106,4156;1270,03
106,301;1276,96
106,3415;1264,96
106,429;1254,39
106,3276;1255,85
106,2559;1241,6
106,6579;1219,87
106,6554;1214,36
106,772;1208,43
106,6907;1212,58
106,8253;1223,14
107,0757;1237,04
107,0757;1225,35
107,0757;1218,6
107,0757;1216,76
107,0757;1211,07
107,0757;1226,2
107,0757;1224,42
106,6663;1236,71
106,4948;1234,45
106,515;1234,45
106,5404;1219,24
106,7883;1190,59
109,1442;1198,78
110,6779;1181,52
113,4757;1180,18
110,5518;1208,14
106,933;1215,68
107,0823;1202,45
107,1618;1214,44
107,3298;1207,71
107,4096;1215,02
107,6291;1210,85
107,6291;1191,03
107,6794;1171,65
107,6794;1190,49
107,6794;1202,93
107,6794;1205,82
107,6794;1204,52
107,6794;1211,23
105,8795;1215,93
105,8131;1220,75
106,532;1214,35
108,1413;1200,48
108,1413;1204,4
108,1361;1183,53
108,5676;1183,43
108,7885;1190,16
108,8382;1191,29
108,6581;1186,73
108,6951;1178,02
108,8588;1181,66
109,0982;1161,97
109,006;1171,41
108,8155;1157,26
108,8155;1165,31
108,8155;1162,09
108,5271;1184,93
108,5271;1179,21
108,5271;1161,51
108,5271;1148,6
108,5271;1129,03
108,5271;1133,58
109,208;1133,58
108,5327;1132,94
108,5042;1131,74
108,8693;1106,4
108,8693;1085,78
108,9056;1092,54
109,4089;1092,54
109,2469;1092,54
109,2747;1092,54
109,6046;1092,54
109,5219;1038,77
109,4477;1032,74
109,3876;1016,1
109,3868;984,54
109,3868;965,8
109,1714;1003,45
109,1714;1012,27
109,1714;1007,04
109,1714;1018,61
109,1714;1040,94
109,9796;1038,55
110,3011;1051,33
110,5545;1072,28
110,527;1069,63
110,6779;1071,38
110,6162;1062,44
110,4088;1056,75
110,4853;1080,99
110,4242;1097,43
110,5065;1091,65
110,7786;1089,98
110,8714;1097,54
110,8571;1077,09
110,9853;1068,61
110,9884;1073,48
110,9884;1089,9
110,9884;1084,78
111,3945;1085,2
111,3945;1100,09
111,3945;1104,61
111,3945;1078,3
111,3945;1059,79
111,3945;1059,78
113,4183;1084,1
113,0024;1087,2
113,1969;1102,84
113,0748;1118,86
113,0748;1115,8
113,2868;1118,54
113,1496;1120,31
113,3135;1118,33
112,7593;1139,09
112,393;1141,21
111,9323;1142,24
111,7091;1138,65
111,9434;1151,06
111,8264;1142,66
111,8264;1137,03
111,8264;1137,03
111,8264;1150,34
111,8264;1157,42
111,8264;1149,5
111,8264;1128,52
111,8264;1140,2
111,8264;1139,45
112,2071;1129,9
112,3009;1144,8
111,1391;1170,35
111,0321;1167,1
111,0321;1158,31
110,7094;1139,93
111,0364;1136,76
111,4967;1137,07
111,2003;1119,38
111,2596;1123,09
110,8012;1134,36
111,1128;1142,92
111,1907;1149,56
111,1206;1139,93
111,1206;1144,89
110,8103;1144,65
110,8103;1144,65
110,8103;1149,37
110,8103;1157,13
110,8103;1161,02
110,8103;1148,08
110,4142;1148,08
110,6224;1154,67
110,8255;1165,27
110,6901;1172,51
111,3229;1164,89
111,3229;1160,71
110,9378;1155,14
111,239;1156,55
111,3879;1145,6
111,8041;1138,41
111,7128;1146,19
111,6351;1127,57
111,5763;1138,88
111,4839;1127,58
111,5725;1127,58
111,5725;1119,31
111,5725;1128,19
111,5725;1132,16
111,5725;1133,28
111,5725;1133,06
111,5725;1100,64
111,5725;1113,57
111,5725;1130,21
111,2561;1122,2
111,6091;1094,44
111,6981;1090,02
111,6204;1083,51
111,0131;1080,17
111,0131;1096,22
111,0562;1111,94
110,9098;1107,5
110,9098;1118,51
110,9871;1116,48
111,2709;1104,18
111,2357;1104,18
111,0732;1083,34
111,0859;1097,98
110,9276;1080,95
110,9276;1089,84
110,9276;1109,44
110,9276;1109,38
110,9276;1109,89
110,9276;1106,73
110,9524;1131,78
110,8588;1153,84
110,5071;1146,14
110,1935;1162,77
110,019;1157,54
110,019;1164,31
110,1064;1168,26
110,0408;1165,58
110,0408;1154,09
109,8891;1153,04
109,8383;1166,16
109,9618;1165,55
109,9862;1170,29
109,8446;1151,85
109,8562;1153,59
109,8562;1148,7
109,8562;1131,87
109,8562;1138,49
109,8562;1144,58
109,8562;1147,39
109,8562;1147,39
109,8148;1146,55
109,7897;1136,77
110,1522;1125,4
110,4504;1126,34
110,5481;1122,73
110,5481;1125,29
110,3722;1117,8
110,3448;1130,46
110,5744;1103,69
110,6473;1111,01
110,9111;1102,55
110,4604;1128,37
110,3893;1126,07
110,3838;1124,47
110,406;1125,17
110,406;1107,83
110,406;1100,96
110,7622;1093,14
110,7622;1091,48
110,7622;1076,32
110,7622;1065,46
110,7622;1076,92
111,0477;1086,46
110,7255;1084,56
111,245;1073,43
111,2602;1052,67
111,2311;1049,49
111,2311;1088,85
110,8102;1073,01
110,8041;1054,99
110,8041;1074,56
110,4625;1097,28
110,4876;1091,07
110,6377;1098,23
110,4864;1106,59
110,868;1091,88
111,0244;1079,88
111,0244;1086,02
111,0244;1097,08
111,1451;1083,82
111,1451;1083,82
111,1451;1074,55
111,1451;1067,66
111,1451;1064,66
111,1451;1067,14
111,2743;1040,68
111,5066;1040,69
111,5719;1049,9
111,5836;1029,15
111,5704;1027,53
111,7558;1030,74
111,702;1013,6
111,9727;1020,26
112,307;1009,56
112,6209;1007,28
112,4449;1036,17
112,6385;1037,14
112,7954;1019,99
112,6894;1006,29
112,8491;989,14
113,1764;992,72
113,1764;976,14
113,1764;973,53
113,1764;990,64
113,1764;989,81
112,9905;968,65
113,238;948,09
113,2169;953,99
113,0181;953,99
112,7884;989,03
116,1673;976,98
117,5429;952,83
118,5775;920,47
117,6651;927,37
118,9704;921,39
114,0887;917,93
113,9189;901,05
113,7586;906,04
113,7886;881,56
114,0532;847,76
114,0532;819,85
114,0532;797,7
114,8072;843,42
114,8072;838,68
114,8072;852,84
114,8072;898,96
114,8072;902,78
114,8072;911,62
111,2437;884,66
111,1781;864,24
110,9246;834,6
115,7404;859,57
115,7404;876,77
115,9194;905,46
116,0572;908,64
116,2059;903,8
116,4235;884,21
116,8379;919,62
115,8764;930,25
115,8699;928,77
115,7611;950,72
116,1003;937,43
115,6884;949,36
115,6884;962,7
115,6884;940,86
115,6884;947,95
115,6884;934,82
115,6884;917,87
115,6884;917,8
115,6884;916,07
116,8181;916,07
117,2376;878,02
117,2807;893,41
117,4328;879,15
117,5429;893,92
117,454;902,96
117,0974;909,58
116,8104;909,45
117,3062;886,91
117,5548;889,81
117,9184;891,1
117,867;873,52
118,0593;869,46
118,3525;843,32
118,0223;845,39
118,0223;833,7
118,474;819,29
118,474;839,66
118,474;854,95
118,474;827,37
118,474;815,28
118,4552;847,91
118,1025;827,91
118,0485;818,95
118,2839;800,58
118,2839;785,28
118,7103;798,55
118,7094;776,76
118,3437;803,92
117,9344;835,32
117,7314;841,44
117,1474;881,27
116,8574;860,02
117,0533;879,2
116,9543;884,39
116,9543;899,72
116,9543;890,16
116,9543;896,14
116,9227;882,5
116,9227;897,65
116,9227;890,23
116,9227;882,15
116,9227;890,71
116,9227;885,76
117,6288;900,96
117,5978;908,35
117,3182;915,39
117,3137;923,76
117,3137;902,65
118,1936;894,74
118,3576;876,19
118,6088;882,95
118,5861;882,53
118,2774;904,27
118,3166;909,83
118,2735;900,36
118,448;896,74
118,6535;914,15
118,6535;933,76
118,6535;930,55
118,6535;932,88
118,6535;913,31
118,6535;938,87
118,6535;938,87
118,6535;936,31
118,1667;934,53
118,4485;920,75
118,4868;917,57
118,7045;906,55
118,9704;912,23
119,1389;892
119,2176;904,45
119,3726;904,96
119,6428;901,59
119,6995;889,48
119,5459;910,4
119,7132;902,99
120,0249;891,12
119,9803;884,25
120,0081;895,75
120,0081;897,38
120,0081;892,47
120,0081;892,47
120,0081;889,66
120,0081;875,4
120,0081;879,39
120,0081;879,82
120,7358;879,82
120,0988;909,03
119,9836;908,59
120,1277;929,01
120,3378;922,93
120,3378;909,93
120,5547;927,58
120,7354;927,57
120,7354;926,26
120,737;931,66
120,7741;918,22
120,7472;914,6
121,3092;901,78
121,4669;901,78
121,5785;887,62
121,5785;878,36
121,5785;887,34
121,5785;861,4
121,5785;847,48
121,5785;858,54
121,5785;864,36
121,5785;844,61
121,5785;855,7
122,005;860,32
122,3963;848,2
122,3824;843,59
122,3515;838,15
122,5295;829,69
122,5049;835,97
122,4658;829,2
122,8719;818,68
122,8719;817,37
122,8167;834,89
122,7926;834,89
122,7467;851,17
123,1756;845,13
123,2097;837,1
123,0694;848,17
123,3774;832,58
123,3774;838,57
123,3774;827,55
123,3774;837,28
123,3774;841,15
123,5356;834,81
123,5456;821,99
123,6934;829,85
123,707;822,1
124,0036;828,89
124,1838;807,48
124,1297;800,73
123,9847;804,19
123,9847;831,9
122,7156;833,27
121,9755;862,79
122,1462;866,45
121,5673;874,02
121,7103;875,67
121,3268;895,79
121,7159;864,23
121,7159;874,74
121,7159;869,95
121,7159;868,52
121,7159;863,5
121,7159;848,18
122,7832;858,48
122,428;880,9
122,0043;876,45
122,1182;878,85
121,7057;879,93
121,7057;878,29
122,0036;865,99
122,5031;871,58
122,0556;868,3
121,9299;885,23
122,0676;890,81
122,2727;879,91
122,4669;893,58
122,4669;893,58
122,4669;892,01
122,4669;911,37
122,4669;919,02
122,7977;911,43
122,7977;898,81
122,7977;914,84
122,7977;917,84
122,7977;916,92
122,9251;916,3
122,9981;930,08
123,1708;926,55
123,1197;934,39
123,7828;929,62
123,7828;920,27
124,0937;933,41
124,1364;945,11
124,2414;942,3
124,3023;939,28
124,5768;946,67
124,9588;944,3
125,3504;920,77
125,4388;919,73
125,6319;923,42
125,6319;931,87
125,6319;933,22
125,6319;933,22
125,6319;951,48
125,6319;953,22
125,6319;949,64
125,6319;963,59
125,4691;967
126,1823;971,56
126,0582;986,24
126,4977;990,14
126,0504;987,76
126,6928;975,93
126,7773;984,84
127,1973;997,48
127,1619;998,51
127,589;988,61
127,3659;1010,74
126,9262;1011,66
126,0287;1010,09
126,0314;994,7
126,0697;995,69
126,0697;981,64
126,1917;983,45
126,1917;975,32
126,1917;985,82
126,1917;976,22
126,1917;974,5
125,5984;982,32
125,176;993,75
124,8842;985,7
125,2064;985,7
124,9299;1004,42
124,1408;1007,84
123,3956;1002,21
124,4046;988,7
123,1873;998,14
125,4475;1003,86
124,7424;1000,42
124,5676;994
124,2606;981,73
124,5045;993,32
124,213;978,8
124,213;988,11
124,213;988,61
124,2812;981,6
124,2812;998,68
124,2812;996,52
124,2812;989,28
124,2812;987,49
124,2812;990,31
120,6843;980,15
121,8813;982,82
123,8937;965,46
123,8271;967,08
123,8271;974,12
124,7669;977,59
124,2735;980,59
124,3606;990,35
123,7918;984,03
123,5291;990,51
123,9495;990,67
123,9346;999,74
123,915;1002,35
123,8763;1000,3
123,7976;1003,28
123,7976;993,06
123,7976;993,71
123,7976;996,73
123,7976;996,79
123,7976;1002,84
123,7976;1008,01
123,8167;1008,01
123,0664;1021,99
122,8711;1026,27
123,0341;1027,97
123,3956;1021,39
123,697;1031,64
123,5027;1023,17
123,8707;1010,92
123,6607;1016,42
124,3582;1018,63
124,3038;1014,81
124,1781;1029,32
124,333;1025,97
124,3066;1039,58
124,5521;1036,3
124,5521;1022,82
124,5521;1029,03
124,8823;1009,38
124,8823;1003,27
124,8823;996,85
124,8823;1006,58
124,8823;995,97
125,7603;1018,22
124,9926;1020,24
124,2845;1029,85
124,6125;1034,35
124,6125;1039,25
124,482;1033,78
124,2208;1038,73
124,5396;1038,06
124,0472;1045,35
124,0921;1049,48
123,7282;1046,76
123,9829;1050,07
123,8447;1039,32
123,9035;1044,68
123,9035;1046,03
123,9035;1030,36
123,9035;1033,77
124,1998;1028,91
124,1998;1031,13
124,1998;1046,79
124,1998;1048,11
124,1998;1046,94
124,1998;1050,71
123,6219;1059,02
123,8831;1053,25
123,8919;1051,81
123,4318;1058,05
123,4318;1053,21
123,3106;1047,11
123,3183;1046,57
123,3549;1058,56
123,7181;1058,41
124,1193;1050,35
124,3657;1043,63
124,4336;1034,15
124,2111;1042,44
124,2777;1033,65
124,2777;1035,28
123,9885;1052,08
123,9885;1053,89
123,9885;1058,45
123,9885;1058,45
123,9885;1058,2
123,442;1070,12
123,6045;1066,62
123,8227;1064,73
123,7632;1069,72
124,4514;1061,5
124,4059;1069,3
124,2849;1060,18
124,4817;1059,05
124,3869;1071,21
124,8429;1074,14
124,8541;1068,04
124,9965;1075,13
125,2807;1076,48
125,3634;1089,18
125,1269;1088,67
125,1269;1092,94
125,1269;1096,02
125,1269;1094,04
125,1269;1094,04
125,1269;1095,89
125,1269;1109,48
125,1269;1109,64
125,3495;1111,92
125,3495;1111,92
125,0636;1108,48
125,188;1122,22
125,6132;1123,67
125,8101;1126,33
125,8396;1131,92
126,4452;1121,86
126,6059;1127,23
126,4525;1121,22
126,3439;1130,52
126,4541;1132,05
126,3715;1139,83
126,3715;1139,83
126,5744;1138,77
126,4648;1147,62
126,5889;1143,94
126,9419;1141,55
126,9419;1155,37
126,6003;1144,05
126,661;1128,48
125,8752;1134,12
126,0596;1131,13
126,1893;1135,26
126,3105;1136,03
126,4828;1126,53
126,4828;1128,59
126,8258;1142,76
126,8847;1139,81
126,896;1145,54
127,1522;1157,76
127,0876;1152,11
127,2157;1145,81
127,2127;1145,81
127,4127;1156,99
127,4127;1151,82
127,1052;1147,06
127,0446;1144,11
127,0579;1140,99
127,4827;1139,09
127,5474;1143,67
127,5474;1144,91
127,8019;1144,94
127,7305;1155,96
127,6459;1149,1
127,2923;1151,04
127,5477;1154,88
127,5477;1156,87
128,755;1147,21
128,8713;1140,58
128,7354;1123,89
128,9337;1106,78
128,9676;1120,57
129,0605;1104,49
128,7312;1110,7
129,0386;1123,75
129,0386;1122,32
129,1429;1109,78
129,2659;1095,4
129,1939;1093,95
129,4218;1091,33
129,5173;1109,19
129,5173;1108,06
128,8295;1122,47
128,9617;1127
129,0888;1126,21
128,7902;1132,17
127,9682;1141,81
127,9682;1150,57
128,0739;1148,16
128,279;1140,53
128,2483;1139,32
128,2481;1139,32
128,2481;1145,2
127,7058;1129,44
127,5381;1128,17
127,6193;1128,84
128,0061;1134,61
128,0169;1135,82
127,7567;1118,15
127,6981;1124,09
127,7571;1139,93
127,6393;1140,6
127,6393;1135,53
127,598;1138,11
127,5862;1122,41
127,6536;1113,89
127,761;1107,31
127,8892;1117,49
127,8215;1119,55
127,8215;1121,53
127,5132;1113,99
126,9233;1098,7
126,9973;1087,12
127,0378;1095,45
126,8569;1097,28
126,7223;1096,44
126,9298;1095,7
127,276;1084,1
127,276;1091,49
126,8629;1088,69
126,9619;1089,19
127,1068;1093,56
126,925;1095,41
127,0817;1113,05
127,0817;1114,94
127,6202;1121,28
127,3609;1120,68
127,0563;1120,68
127,0591;1121,2
127,0591;1124,99
127,0822;1116,64
126,9729;1122,5
127,0382;1140,42
127,2284;1142,18
127,0186;1131,33
126,9906;1136,47
126,8006;1136,47
126,8183;1125,29
127,318;1132,01
127,1624;1133,56
127,1254;1132,05
127,1254;1135,02
127,4704;1130,3
127,3149;1134,41
127,3663;1144,06
127,8645;1140,65
127,7154;1134,43
127,3819;1133,35
127,4277;1136,2
127,4277;1140,84
127,8048;1128,94
127,8048;1125,38
127,8048;1125,38
128,2482;1116,21
128,4573;1118,33
128,4845;1109,11
128,4769;1112,81
128,6051;1114,35
128,2631;1115,14
128,3741;1111,47
128,4031;1106,69
128,8501;1101,4
128,7883;1100,91
128,7256;1108,67
128,2521;1093,88
128,5926;1096,85
128,5915;1086,2
128,5915;1084,07
128,3378;1094,83
128,2675;1095,42
128,4826;1100,43
128,4826;1101,72
128,4826;1106,62
129,0637;1099,69
129,2151;1098,63
129,2151;1080,7
130,002;1063,97
129,958;1065,22
130,0462;1079,04
129,8534;1075,8
130,0221;1063,23
130,1703;1064,8
129,9592;1079,34
130,1069;1081,71
130,1069;1095,17
130,1031;1091,23
130,2324;1098,35
129,82;1095,68
129,8892;1096,19
130,1821;1104,96
130,1821;1105,09
130,2649;1107,77
130,2649;1099,15
130,6182;1104,24
130,5084;1105,91
130,5084;1118,31
129,6813;1113,63
129,8188;1113,63
129,7556;1121,3
129,8857;1116,27
130,2366;1118,38
130,4809;1123,92
130,3098;1125,82
130,4652;1128,33
130,4163;1120,37
130,4674;1123,5
130,7174;1128,55
130,8214;1122,2
130,8524;1129,3
131,0799;1113,56
131,3852;1108,36
131,189;1110,11
131,4292;1103,52
131,3903;1110,06
131,0539;1114,8
131,0539;1114,58
130,9683;1131,5
130,8711;1135,17
131,175;1134,48
131,2403;1142,05
131,0903;1130,65
131,6182;1122,14
131,5397;1124,39
131,8073;1121,84
131,8574;1113,65
132,0518;1103,29
132,0663;1108,2
132,0663;1114,02
131,9743;1103,23
132,3931;1103,66
132,319;1106,49
132,3602;1095,73
132,5793;1094,81
132,5572;1111,09
132,5434;1125,4
132,2113;1127,44
132,3325;1130,2
132,3565;1130,51
132,3565;1130,55
132,2075;1143,2
132,663;1161,67
132,2474;1166,17
132,3029;1164,89
132,5222;1164,08
132,5816;1162,91
132,9501;1173,48
133,2324;1184,17
133,2636;1183,82
133,419;1175,43
133,2718;1181,94
133,2718;1183,55
133,1556;1170,34
133,4007;1177,24
133,5087;1176,94
133,5644;1181,76
133,5644;1181,76
133,8599;1182,65
133,589;1178,57
133,7432;1173,82
133,8112;1191,37
133,3674;1190,33
134,0223;1191,17
134,3462;1190,25
134,5283;1177,08
134,7571;1182,81
135,0091;1189,24
135,076;1188
135,1805;1198,68
135,1482;1203,38
135,5593;1205,72
135,336;1203,21
135,0029;1194,22
135,2155;1194,65
134,8981;1205,46
134,8471;1209,57
135,1467;1210,13
135,1619;1210,13
135,0111;1204,92
134,6124;1213,54
134,3608;1213,45
134,5949;1213,55
134,6103;1211,92
134,9371;1202,08
134,7661;1188,05
134,8256;1183,74
135,1461;1187,89
135,3238;1186,19
135,4337;1190,24
135,3795;1182,99
135,4348;1187,7
135,7532;1177,45
135,8009;1184,52
135,9344;1184,52
135,9916;1195,98
135,9916;1184,63
135,7351;1175,41
135,805;1167,87
136,0326;1163,75
136,0989;1168,41
136,0989;1174,07
135,8362;1174,55
136,123;1171,36
136,2469;1181,27
136,2768;1189,41
136,2642;1193,19
136,1706;1189,89
136,7184;1203,03
136,873;1201,72
136,8794;1202,3
137,1901;1191,99
137,203;1197,01
137,0124;1205,3
136,808;1206,14
136,6769;1210,13
136,4367;1210,34
136,2851;1200,75
136,2851;1201,59
135,367;1201,59
135,4138;1184,16
135,4642;1190,8
135,2049;1200,2
135,3491;1211,37
135,4698;1203,6
135,2387;1210,41
134,9413;1210,08
135,0692;1210,47
135,6072;1222,13
135,8352;1225,31
135,5554;1219,43
135,1978;1207,01
135,0388;1209,25
135,2326;1200,08
135,1179;1206,83
135,5945;1197,75
135,8592;1188,07
135,7544;1190,21
135,7544;1189,65
135,4147;1183,79
135,7707;1171,71
135,4149;1172,53
135,6314;1171,42
135,6314;1171,42
135,6314;1174,28
135,6669;1165,36
135,9233;1181,41
136,3292;1180,59
136,3818;1172,92
136,6404;1176,12
136,6404;1181,39
136,5629;1184,07
136,855;1191,14
136,5957;1181,2
136,7889;1181,21
136,8943;1187,76
137,1008;1173,79
136,9841;1162,05
137,2819;1142,62
137,2819;1145,98
137,7692;1152,78
137,7328;1137,5
137,657;1159,95
137,6641;1152,12
137,8481;1162,1
137,8481;1151,74
138,2075;1156,38
138,2966;1143,22
138,3796;1156,85
138,3796;1162,16
138,5667;1161,17
138,2428;1175,65
138,2428;1172,63
138,0402;1171,35
138,3312;1178,84
138,77;1166,22
139,0772;1171,11
139,0129;1159,36
139,2066;1154,05
139,1467;1165,69
139,2276;1173,8
139,2276;1185,56
139,3286;1191,08
139,081;1189,28
139,4162;1193,86
139,6724;1194,07
139,7714;1190,01
139,7714;1197,63
139,3863;1198,78
139,3884;1198,78
139,9339;1191,5
140,2976;1202,27
140,2976;1204,29
140,3172;1196,02
140,4881;1197,51
140,9656;1197,26
141,3062;1194,67
141,2309;1200,93
141,0929;1198,11
140,815;1200,82
140,6711;1203,91
140,0306;1206,58
139,7791;1210,96
140,1639;1216,96
140,1006;1216,1
140,7558;1213,61
141,4006;1213,88
141,2445;1200,73
141,4022;1191,57
141,6389;1190,69
141,2128;1201,57
141,1627;1199,85
141,1627;1191,33
141,2903;1194,44
141,1149;1194,44
141,1149;1204,99
140,7258;1194,94
141,1057;1197,87
141,0543;1211,86
140,634;1219,44
140,6796;1222,21
140,4819;1223,29
140,2929;1226,5
140,2611;1227,92
140,2611;1221,13
140,2892;1229,35
140,221;1235,2
140,2949;1227,04
140,7715;1233,68
140,9506;1229,03
140,9506;1231,16
140,8888;1236,79
140,833;1243,72
140,7614;1234,18
140,2939;1235,35
140,2939;1244,12
140,2401;1245,05
140,2481;1235,86
140,2481;1226,42
139,9363;1223,13
139,9156;1231,38
140,1251;1229,13
140,1574;1237,81
140,5487;1230,39
140,767;1233,87
141,0924;1219,34
141,0724;1220,24
141,0724;1219,02
141,3741;1219,71
141,4325;1221,73
141,5698;1217,57
141,6136;1209,59
141,783;1212,4
141,783;1205,1
141,7753;1212,28
141,7753;1208,41
142,1898;1220,33
142,583;1221,59
142,583;1218,02
142,701;1218,02
142,4758;1233,39
142,3473;1236,36
142,608;1231,67
142,7636;1241,48
142,0864;1240,56
142,3041;1231,2
142,3712;1227,16
142,2519;1227,73
141,9451;1237,91
142,3632;1231,02
142,3957;1221,35
142,9158;1210,2
142,9315;1214,62
142,6361;1215,29
142,6361;1215,63
142,083;1215,66
142,1283;1216,89
141,9668;1227,68
141,9668;1228,81
141,6689;1226,7
141,7995;1214,47
141,8678;1196,39
141,7507;1191,49
141,7634;1195,9
141,9187;1187,33
141,683;1184,87
141,5042;1177,68
141,0715;1176,84
141,0616;1186,57
141,0106;1190,1
141,0106;1178,14
141,332;1195,76
141,0582;1177,8
141,5457;1179,59
141,5998;1199,38
141,5998;1196,54
140,5498;1191,38
140,2869;1178,9
140,2881;1198,41
140,431;1207,01
140,139;1202,76
139,9673;1214,76
139,8746;1219,94
139,6641;1220,14
139,6129;1222,81
139,965;1218,59
139,4899;1220,65
139,5731;1230,96
139,7064;1234,71
139,642;1233,76
139,7906;1229,01
140,4277;1231,21
140,2631;1242,8
140,2631;1248,27
139,9893;1254,85
139,9046;1261,23
140,0709;1265,61
140,7299;1265,61
140,7299;1268,25
140,5472;1257,46
140,1833;1257,48
140,3877;1249,48
140,735;1264,67
140,8828;1265,08
140,7298;1262,09
141,0669;1263,7
140,8022;1257,37
140,9957;1255,84
140,4735;1259,37
140,7387;1260,43
140,7944;1267,43
141,0329;1272,74
141,0202;1270,94
141,235;1267,32
141,3074;1259,92
141,2441;1259,62
140,9552;1262,8
141,0711;1268,12
141,4387;1268,66
141,4387;1268,66
141,3537;1256,54
141,6401;1258,17
141,4799;1254,42
141,6618;1248,29
141,3951;1248,29
141,5201;1268,8
142,0357;1273,46
142,1324;1273,48
142,2452;1285,45
142,2342;1290,15
142,0162;1289,69
141,9031;1294,18
142,1828;1286,06
142,1881;1287,61
142,1525;1287,61
142,2757;1282,93
142,2169;1277,93
141,6788;1285,04
141,4306;1261,48
141,3333;1263,83
141,4235;1266,86
141,0288;1264,68
141,0288;1273,83
140,5672;1283,72
140,6623;1285,2
140,7659;1280,09
140,3915;1282,46
140,4388;1270,84
140,7049;1264,03
140,6851;1265,02
140,5165;1254,78
140,686;1265,65
140,9355;1263,78
141,0539;1266,99
140,7163;1262,86
140,8628;1275,53
140,7628;1280
140,7278;1289,38
141,1596;1287,24
141,2518;1287,24
141,2023;1283,03
141,3921;1292,67
140,9643;1287,79
140,8876;1289,43
140,5985;1294,12
140,9816;1280,66
140,7793;1291,24
140,2973;1289,14
140,157;1287,23
140,3303;1278,26
140,209;1275,88
139,8539;1278,47
139,7815;1272,23
139,4248;1281,58
139,3691;1284,13
139,6983;1297,48
139,5926;1303,02
139,7837;1305,33
139,4997;1307,25
139,7591;1305,08
139,6685;1297,23
139,9468;1305,04
139,7337;1301,67
140,023;1302,95
140,0298;1301,61
139,2997;1293,22
139,1522;1302,89
139,0598;1300,25
139,1462;1294,83
138,6995;1297,81
138,5383;1305,94
138,5383;1311,56
138,1972;1309,04
138,1582;1295,5
138,1267;1296,61
138,4194;1286,58
138,39;1288,13
137,8595;1289,12
137,8595;1289,12
137,8595;1285,33
137,8595;1307,65
137,902;1309,93
138,1156;1311,46
138,0308;1311,28
138,0518;1308,11
137,6484;1301,74
137,6484;1305,41
137,8052;1309,72
138,0288;1310,61
138,0288;1305,19
138,0288;1313,21
137,7791;1307,85
137,575;1312,25
137,575;1325,76
137,6955;1324,66
137,6583;1325,14
137,8865;1322,85
137,4363;1305,92
137,43;1291,24
137,8456;1294,5
138,2153;1292,08
137,6311;1270,32
137,6311;1261,81
138,2814;1267,03
138,7412;1262,07
138,64;1256,58
138,9894;1258,57
139,1104;1272,88
139,1104;1280,16
139,0046;1280,16
138,6631;1259,84
138,4403;1270,09
138,2776;1285,71
138,2776;1288,22
138,2776;1265,29
138,1933;1263,85
138,248;1256,15
138,7192;1257,93
138,8484;1252,3
139,0227;1236,4
139,4168;1223,69
139,1737;1230,04
138,766;1256,16
138,8988;1251,54
138,6463;1240,14
138,4345;1240,12
138,3707;1252,21
138,0314;1245,6
137,8414;1244,5
137,8414;1250,56
137,8327;1239,2
137,8289;1246
138,1175;1272,87
138,1175;1270,2
137,9553;1280,19
138,0865;1280,19
138,0865;1270,91
137,7962;1274,08
138,1991;1265,48
137,9949;1267,34
138,3401;1272,52
138,0232;1258,6
138,4363;1242,29
138,8445;1236,2
138,7477;1234,49
138,7477;1236,86
138,8387;1259,81
138,8837;1249,13
139,194;1240,29
139,1437;1260,91
139,0953;1268,88
139,0953;1268,4
139,2;1263,2
139,4547;1278,55
139,5066;1276,66
139,4331;1270,92
139,4331;1278,55
139,1198;1280,27
139,6601;1279,36
139,6814;1275,77
139,7136;1271,48
139,508;1265,95
139,5553;1271,81
139,2075;1266,74
139,0173;1268,21
139,2584;1285,58
139,5813;1295,43
139,6845;1297,48
139,6845;1302,3
140,1198;1297,52
140,6452;1298,82
140,5544;1292,99
140,6948;1296,06
140,8299;1295,09
140,8134;1301,79
140,5058;1304,28
140,5058;1304,27
141,0835;1303,82
141,2552;1311,01
141,1885;1311,01
140,8824;1313,25
140,556;1300,26
140,7322;1294,02
140,946;1298,92
140,8397;1299,54
140,6068;1313,11
140,928;1318,07
140,996;1316,28
141,1521;1319,87
141,1521;1321,18
141,126;1318,31
141,2347;1325,18
141,3005;1318,03
141,9749;1314,78
142,2358;1326,37
142,2358;1336,34
142,1515;1336,59
142,0128;1339,15
141,8727;1335,85
141,8727;1331,32
141,722;1334,11
142,0766;1350,22
141,9466;1353,22
141,7408;1349,58
141,6773;1350,66
141,2605;1353,42
141,3584;1349,95
141,4352;1362,83
141,2221;1365,62
141,2407;1369,06
141,4955;1364,05
141,4955;1365,96
141,1835;1366,96
141,2685;1368,6
140,9845;1377,02
141,0236;1377,38
141,0236;1382,23
141,185;1389,09
141,5708;1377,34
141,7312;1377,93
142,2192;1377,94
142,5912;1367,81
142,2422;1367,34
142,0123;1364,3
141,8246;1379,78
142,2367;1382,84
142,0813;1385,72
142,2423;1378,33
142,4972;1380,9
142,3328;1384,42
142,4891;1393,22
142,3271;1396,57
142,3113;1399,76
142,522;1401,2
142,7218;1400,5
142,6879;1402,81
142,7237;1406,09
142,473;1406,09
142,876;1400,95
142,6414;1381,9
142,8929;1386,72
142,6846;1399,48
142,9405;1400,63
143,2218;1396,71
143,1888;1409,12
143,073;1414,76
143,0656;1412,9
142,8761;1407,29
142,762;1409,84
142,5716;1413,04
142,6221;1411,56
142,6335;1413,21
142,271;1425,49
142,1907;1427,09
142,1907;1422,48
141,742;1425,55
141,8397;1423,53
141,689;1418,3
141,8249;1410,77
141,8249;1410,77
141,8249;1416,9
141,4121;1426,84
141,2127;1424,73
141,4241;1418,3
141,4241;1418,3
141,5324;1418,3
141,4326;1416,6
141,5719;1418,34
141,5719;1409,71
141,2695;1412,84
141,0373;1412,11
140,9966;1414,85
141,0585;1423,83
140,6499;1430,73
140,7761;1430,73
140,9173;1431,9
140,9503;1430,62
140,9503;1426,37
140,853;1430,5
141,1504;1422,96
141,1737;1427,99
141,0226;1440,13
140,8137;1423,9
140,8137;1422,18
140,5202;1420,62
140,5815;1428,82
140,7555;1438,24
140,8126;1445,94
141,0556;1448,39
141,0556;1446,99
141,2656;1448
141,339;1450,02
141,2372;1448,31
140,9415;1438,06
140,8053;1433,37
140,6748;1444,26
140,9137;1455,3
141,3395;1456,81
141,2778;1455,54
141,1514;1455,54
141,185;1459,68
141,3792;1457,63
141,0953;1456,38
141,426;1451,19
141,426;1449,38
142,0702;1399,04
142,1785;1406,82
142,2799;1403,17
142,3523;1387,17
142,3523;1374,12
142,5327;1395,41
142,5272;1391,97
142,4252;1401,89
142,2232;1402,85
142,3576;1406,6
142,6055;1377,95
142,8584;1387,17
142,6302;1392,28
142,6643;1386,95
142,4846;1402,06
142,6208;1410,94
142,5198;1435,04
142,3311;1434,54
141,9886;1436,11
141,9886;1437,5
141,7924;1428,61
141,8389;1417,23
141,6135;1422,53
141,5197;1420,86
141,5197;1424,55
141,3443;1437,77
141,5828;1439,37
141,5828;1443,76
141,3966;1443,76
141,3966;1444,61
141,1496;1448,39
141,0678;1438,87
140,7845;1447,8
140,3861;1452,85
140,6215;1468,47
140,8448;1471,48
141,0924;1472,5
140,8045;1470,73
140,766;1484,35
141,008;1480,93
141,1332;1480,41
141,0322;1495,42
140,8368;1494,25
140,831;1494,07
141,3574;1482,37
141,3574;1486,3
140,8819;1495,92
140,7369;1502,39
141,0411;1505,62
140,9466;1509,48
141,0735;1507,72
141,0321;1512,58
140,9579;1491,47
141,0912;1505,85
140,609;1503,15
140,4033;1501,19
140,4543;1514,14
140,3749;1512,75
140,4493;1522,75
140,313;1525,1
140,2621;1524,12
140,0624;1522,28
140,1359;1507,51
139,9905;1515,73
140,0063;1515,73
139,892;1518,11
140,0223;1530,23
139,848;1530,62
139,5359;1536,34
139,6234;1539,18
139,3675;1530,95
139,7249;1517,38
139,085;1490,72
138,8553;1507,67
138,9075;1509,12
138,6033;1493
138,4352;1515,67
138,4435;1522,97
138,4241;1532,91
138,2942;1531,05
138,6276;1533,71
138,5346;1512,84
138,5931;1522,19
138,532;1502,56
138,8042;1497,74
138,9928;1492,89
139,3872;1506,35
139,3185;1505,71
139,1877;1503,35
139,704;1519,43
139,3364;1524,87
139,107;1524,87
138,821;1525,4
138,6231;1530,44
138,7116;1531,85
139,2946;1510,12
139,3825;1518,76
139,1146;1547,7
139,0291;1552,5
139,3822;1549,52
139,2167;1549,37
139,6586;1546,17
139,7342;1553,08
140,4799;1534,1
140,4981;1541,57
140,5647;1511,04
140,8451;1518,09
141,3449;1482,67
141,4343;1458,95
141,6572;1473,91
141,3924;1455,28
141,4299;1465,81
141,197;1472,2
141,6573;1433,06
141,6283;1467,67
141,4655;1476,71
140,8735;1497,49
141,232;1453,09
141,5336;1453,64
141,4142;1452,92
141,6285;1426,54
141,8318;1406,7
142,5365;1411,27
142,3856;1445,94
142,4105;1445,55
142,7352;1447,12
142,2714;1464,07
142,4241;1462,5
142,5054;1479,37
142,6924;1466,79
142,7652;1432,36
142,7682;1463,76
142,6837;1457,64
142,6428;1473,99
142,4405;1473,99
142,3202;1489,42
142,9206;1472,29
142,9912;1478,55
143,6708;1453,55
144,096;1451,7
143,8445;1471,49
143,6077;1471,56
143,3132;1483,95
143,393;1484,25
143,4627;1476,65
143,0325;1519,78
142,5688;1529,03
142,2837;1518,75
142,1724;1525,75
142,0762;1517,74
142,4653;1517,22
142,0427;1525,42
142,1689;1531,38
142,5847;1526,75
142,6854;1547,04
142,6962;1546,63
142,6356;1539,6
142,9741;1542,84
142,6092;1557,59
142,5711;1552,58
142,8701;1565,15
142,5896;1562,47
142,3602;1554,41
142,0216;1561,8
141,959;1548,71
141,893;1538,53
142,2815;1541,24
142,8298;1540,08
143,5732;1500,63
143,9137;1506,33
143,8452;1519,59
144,3399;1515,88
144,2137;1514,41
144,0065;1535,28
144,1336;1540,98
144,0261;1531,02
143,5816;1549,38
143,9178;1508,44
144,1943;1509,65
144,2326;1502,17
144,097;1520,27
144,4088;1475,62
144,587;1474,77
144,9681;1453,7
144,8721;1439,18
144,7172;1481,05
144,5799;1470,58
144,7442;1451,15
144,9199;1458,74
145,4368;1433,27
145,0967;1439,7
145,5472;1416,77
145,5982;1416,77
145,4371;1440,7
145,535;1407,22
145,3981;1428,23
144,826;1469,02
145,1987;1469,72
144,7459;1481,14
145,211;1472,42
145,5626;1462,79
145,5074;1485,01
145,2443;1507,35
144,3353;1504,66
143,8986;1515,96
144,1889;1477,65
143,6652;1486,59
143,9184;1488,41
143,7075;1467,95
143,8618;1445,9
143,9718;1454,98
143,9824;1453
144,3884;1460,12
143,9091;1484,46
143,9582;1496,45
143,9582;1496,45
143,9582;1497,66
143,7744;1476,37
144,0065;1478,49
144,0228;1468,36
144,0228;1468,36
145,1346;1447,16
145,2959;1447,16
145,7066;1411,63
145,7403;1416,18
145,4279;1390,19
146,0423;1409,13
145,9749;1420,33
145,9801;1401,02
146,2259;1416,25
146,5234;1380,95
146,9858;1373,2
146,9811;1333,25
147,1626;1325,19
147,6702;1325,19
146,9887;1310,5
147,9439;1338,6
146,8855;1352,07
147,1954;1330,61
147,3841;1353,97
146,9891;1362,3
146,9004;1355,81
147,7671;1378,55
147,9046;1395,42
147,709;1380,82
148,6246;1336,64
148,3054;1326,45
148,7011;1336,91
148,7484;1331,29
148,9683;1339,13
148,0479;1348,86
148,2242;1367,21
147,8978;1348,86
148,1626;1350
147,6647;1350
147,986;1348,78
147,7109;1360,03
147,6147;1342,53
147,7181;1353,11
147,3473;1371,8
147,1413;1381,29
147,091;1380,02
147,8968;1367,68
148,8102;1330,63
149,0073;1331,34
149,1265;1326,75
148,5566;1333,7
148,8717;1304,34
148,9913;1293,37
149,5706;1273,37
148,9687;1320,65
149,1209;1308,77
149,1918;1315,48
149,2872;1288,14
149,6009;1276,6
149,0217;1330,74
149,0129;1298,42
149,064;1329,51
149,064;1329,51
149,064;1349,88
147,9917;1352,99
147,9251;1341,13
147,6614;1325,76
147,638;1315,22
147,9837;1322,7
147,5489;1370,18
147,4705;1367,53
147,5799;1369,31
147,8533;1370,4
147,4991;1372,54
147,4334;1365,54
147,5287;1354,49
147,8891;1360,55
148,4125;1332,83
148,4524;1328,32
148,0198;1334,43
147,3328;1364,71
146,8833;1365,56
146,3418;1390,33
146,5721;1388,17
146,2486;1375,94
146,4361;1379,93
146,1226;1388,82
146,2469;1397,84
146,2206;1396,37
146,8216;1390,94
146,9869;1385,59
146,9869;1409,34
146,424;1413,9
146,771;1407,49
147,0183;1418,26
146,7783;1392,57
147,6128;1397,68
148,097;1388,28
147,8323;1403,58
147,1595;1403,04
146,5725;1408,66
146,1044;1423,57
146,5544;1425,35
146,2686;1426,63
146,5562;1413,4
146,0024;1390,71
145,7045;1394,35
146,0271;1375,93
145,8225;1375,93
145,7272;1385,35
145,4849;1390,84
144,8038;1398,26
145,1378;1400,38
145,5137;1385,67
144,8751;1377,65
145,3326;1377,2
144,5664;1404,05
145,0674;1360,68
144,5816;1361,76
144,4825;1358,44
144,2372;1335,49
143,942;1339,87
143,4889;1360,03
143,721;1360,14
143,8808;1350,93
144,1172;1337,81
143,7376;1342,83
144,1927;1317,93
144,3282;1318
144,3439;1314,29
144,2793;1321,97
144,926;1283,15
144,8527;1278,38
144,1507;1280
144,0585;1284,91
143,8976;1261,52
144,5494;1262,9
145,0232;1262,9
145,4978;1252,31
145,5657;1273,7
145,6796;1244,69
145,7773;1253,39
145,5596;1239,49
145,7512;1228,3
145,9061;1214,91
145,8598;1245,36
145,6022;1260,32
144,6679;1260,68
144,2229;1260
144,3377;1277
144,2872;1282,19
145,0567;1252,54
144,9265;1257,76
145,4466;1234,37
145,8319;1263,2
146,2899;1284,26
146,7206;1267,38
146,6972;1260,31
146,9841;1249,02
147,0246;1284,88
147,046;1289,19
147,5795;1266,07
147,6591;1296,32
147,5724;1305,32
147,9628;1289,59
148,2141;1285,83
148,1499;1292,93
148,4106;1298,2
148,6169;1278,6
148,4944;1266,69
148,7264;1274,54
148,3032;1277,72
148,0601;1292,2
148,803;1266,84
148,8273;1271,51
148,3615;1281,66
148,4804;1300,68
148,6049;1282,83
148,9942;1282,83
148,7212;1277,58
148,8216;1274,98
149,3219;1236,83
149,8867;1242,31
149,3023;1267,79
149,604;1224,51
149,5162;1232,04
149,2883;1249,05
148,5049;1251,7
149,4879;1192,7
149,9918;1213,59
149,9572;1156,39
149,7257;1206,52
147,9833;1255,08
147,6412;1207,09
147,9024;1188,22
148,7959;1185,87
148,3364;1209,18
148,9715;1213,01
150,625;1106,39
150,2735;1166,36
150,8851;1161,07
151,5514;1114,28
151,8415;1099,23
153,5118;1056,89
153,4599;996,23
153,6784;984,94
153,0055;909,92
152,0509;899,22
151,0144;1003,35
150,5124;998,01
150,5155;907,84
151,2193;946,43
151,434;940,55
151,6087;985,4
151,9176;955,05
153,1962;896,78
153,5347;908,11
153,8719;876,77
153,9967;848,92
154,1969;940,51
154,0202;930,09
154,5421;954,09
153,078;968,75
153,7802;966,3
153,9053;1005,75
154,1376;952,77
154,7031;904,88
155,1103;930,99
155,2913;919,21
155,2813;898,95
155,6584;852,3
155,4601;911,29
155,8299;873,29
155,9168;850,75
155,8904;859,12
156,8037;806,58
158,0255;752,44
157,8865;800,03
157,6529;851,81
158,1934;857,39
158,9658;887,68
158,8612;887,68
159,1227;896,24
160,1212;816,21
161,1284;848,81
161,831;870,74
161,2744;845,22
161,4605;876,07
159,8795;909,7
159,0677;888,67
159,2492;899,24
159,2917;873,59
158,3939;879,73
158,9545;868,57
159,4734;913,18
161,2299;904,42
161,4453;885,28
161,174;887,88
161,869;871,63
161,7858;863,16
161,803;868,15
161,803;868,15
161,803;872,8
162,2922;869,42
161,9266;890,64
161,944;903,25
161,9422;903,25
162,2393;931,8
161,8306;927,45
160,5148;934,7
160,0026;906,65
160,7144;909,73
161,5519;890,35
161,6681;870,26
161,445;871,79
161,8163;842,62
161,945;843,74
161,6906;850,12
161,4515;850,12
161,3528;805,22
161,6658;840,24
160,8053;827,5
159,6715;831,95
158,8536;836,57
159,4236;845,71
160,054;874,09
160,5224;845,14
160,1995;825,88
160,4092;825,44
160,1755;838,51
160,0514;832,23
160,3033;845,85
160,3409;868,6
160,1192;869,89
160,4462;827,16
161,5999;833,74
162,4385;835,19
162,3641;826,84
163,0667;826,84
163,5651;789,17
163,2101;788,42
162,0819;778,94
162,6966;770,05
162,5408;743,33
162,8624;773,14
163,1123;764,9
161,8643;752,83
162,0414;735,09
162,7627;700,82
162,7452;696,33
162,0357;712,87
162,6898;682,55
163,5263;683,38
163,1359;676,53
162,6131;719,6
162,03;721,36
162,5733;750,74
162,0125;756,55
161,2983;753,89
160,7679;778,12
160,7063;794,35
161,9223;784,04
162,504;768,54
162,1858;822,92
161,1228;806,12
161,073;813,88
161,1967;832,86
162,1362;815,94
162,6424;787,53
162,8334;797,87
162,7776;811,08
161,3703;834,38
160,8081;842,5
160,8012;835,48
160,7459;815,55
160,9828;825,16
160,782;856,56
160,7829;856,56
160,7829;858,73
161,1696;841,5
161,7429;852,06
161,4891;865,3
160,7619;869,6
161,7851;832,39
161,9853;850,08
161,2749;843,55
161,3788;851,92
161,6695;866,23
161,824;857,51
162,239;855,16
162,5268;873,64
162,1159;872,81
162,1159;877,52
161,5278;907,24
161,9083;903,8
161,7005;919,53
160,6842;907,39
160,271;929,23
160,6602;909,24
160,3527;908,35
160,9592;883,92
161,2491;893,07
160,9326;882,88
161,156;909,71
160,4016;908,13
160,2721;903,47
160,8719;888,33
160,1002;887
159,43;887
159,5115;910,33
159,3967;893,06
159,2854;906,83
159,6886;919,14
159,1195;942,87
159,213;944,74
160,1031;931,76
159,4126;942,46
158,6413;940,09
159,0126;939,14
159,3606;942,43
159,0967;939,15
158,8172;944,89
159,2354;946,21
159,987;923,72
159,8955;911,97
160,2834;910,71
159,914;918,37
160,2687;921,23
160,6551;893,04
160,5832;895,1
160,7746;900,94
161,1499;920,26
161,4233;918,9
161,3912;927,23
161,4994;919,32
161,4098;923,33
162,1603;896,42
162,1756;896,42
162,59;898,72
162,3464;881,03
162,6686;879,56
162,5096;882,68
162,8788;879,13
162,9608;901,05
162,6733;905,84
162,29;932,68
162,4119;940,74
162,0332;940,38
161,8017;951,13
162,0746;954,58
162,088;954,07
161,5422;976,29
161,4277;979,26
161,3663;982,18
161,8693;979,62
161,979;975,15
162,0781;986,75
163,2729;987,48
162,7452;1002,63
162,6177;1005,65
162,7334;1002,72
162,5638;997,08
161,429;1010,48
161,657;1007,1
161,872;994,35
162,0679;1005,81
162,3037;1012,73
163,2474;1004,09
163,4731;979,73
163,4163;989,67
163,8961;996,46
163,8111;1007,37
163,3114;1026,13
163,3306;1025,57
163,6963;1028
164,0226;1028,12
163,9314;1030,98
163,8363;1028,93
163,921;1020,63
163,899;998,04
164,115;994,75
163,9406;1003,24
164,1667;1016,4
164,0657;1016,4
163,7991;1025,39
163,2007;1033,37
163,6435;1044,14
164,3243;1042,73
164,0687;1049,34
163,8524;1052,63
163,6874;1068,76
163,3724;1065,48
163,2494;1068,3
163,1737;1064,66
163,1443;1071,66
163,4367;1060,87
164,0502;1050,78
164,4342;1044,38
164,5651;1062,98
164,7395;1060,61
164,8096;1057,08
165,1327;1029,85
165,496;1025,21
165,5377;1040,46
165,3038;1054,72
165,6172;1057,59
165,6647;1065,48
164,836;1071,49
164,9874;1076,19
165,1537;1073,19
164,6209;1092,02
164,0428;1096,56
164,0704;1087,68
163,9819;1097,91
164,4643;1091,06
163,8745;1081,4
163,9585;1092,91
163,6291;1079,6
163,624;1066,95
164,3345;1063,42
164,5311;1042,63
164,0743;1066,11
164,7703;1036,2
164,7099;1042,88
164,567;1045,41
164,0648;1046,5
163,8931;1066,63
163,9072;1069,3
164,3226;1093,08
164,6731;1093,01
164,7299;1098,51
164,6189;1087,24
164,4214;1093,48
164,8679;1109,3
165,3317;1110,32
165,3334;1109,8
165,6077;1094,9
165,5168;1091,38
165,3278;1106,24
165,5157;1105,65
165,3667;1110,63
166,1586;1110,63
166,0994;1091,49
166,439;1095,63
166,4219;1108,86
166,3473;1109,23
166,1005;1099,92
165,5442;1105,98
165,9672;1103,25
166,4865;1091,94
166,5741;1095,95
166,1198;1102,35
165,8158;1106,41
166,1445;1114,11
165,764;1107,93
166,2233;1109,18
166,8732;1096,08
166,9711;1102,47
166,5266;1114,05
166,0431;1118,02
165,6071;1120,59
165,6237;1126,48
165,6237;1126,48
165,1598;1127,78
165,1935;1126,2
164,8391;1126,42
164,8557;1115,1
164,8557;1115,1
165,0897;1132,98
165,2006;1136,52
165,0101;1137,14
165,2392;1141,7
165,2757;1144,98
165,4725;1146,98
165,8299;1136,22
165,8865;1145,68
166,0051;1148,46
166,3535;1136,03
166,45;1136,03
166,1932;1150,23
166,6585;1138,04
166,7577;1116,48
166,8329;1091,76
166,8599;1096,79
167,0141;1092,17
167,1441;1097,5
167,177;1084,53
167,3725;1073,87
167,4737;1089,19
167,3838;1103,32
167,1593;1097,28
167,6689;1063,11
168,3526;1066,19
168,2865;1056,74
168,1685;1070,52
167,7494;1068,14
167,5081;1078,47
167,8689;1075,51
167,7147;1075,51
167,6692;1094,87
167,8008;1099,51
167,3732;1106,75
167,1588;1109,17
167,3277;1108,02
168,2449;1094,6
168,5761;1105,24
168,8301;1102,94
168,9492;1104,49
168,8229;1115,71
168,7157;1118,31
168,5658;1118,79
168,6805;1122,97
168,4181;1138,7
168,4107;1138,51
168,6778;1140,45
168,483;1145,61
168,2748;1150,24
168,4157;1149,99
168,5541;1150,51
168,7159;1159,46
168,9974;1166,21
168,865;1165,83
168,9235;1159,9
169,3098;1165,81
169,43;1174,17
169,3564;1167,72
168,8762;1165,73
168,7253;1166,59
169,0188;1173,22
169,2588;1173,27
169,5311;1169,43
169,7279;1178,1
169,7279;1178,1
169,7279;1187,44
169,1904;1189,44
169,4244;1182,45
169,7888;1186,44
169,1017;1194,37
168,8759;1196,48
169,1709;1197,3
169,3552;1210,65
169,4691;1211,67
169,8709;1192,13
170,0018;1197,52
169,7848;1207,18
169,9713;1205,95
170,319;1208,67
170,2013;1217,28
170,3556;1212,05
171,1268;1183,71
171,1341;1191,36
171,013;1206,78
171,3833;1186,69
170,9796;1202,26
172,0407;1173,6
173,0372;1165,9
173,8978;1128,15
173,7528;1110,89
172,1229;1159,73
172,0678;1155,79
172,2058;1171,67
172,4369;1157,44
173,2333;1135,68
173,2281;1136,94
173,486;1120,8
174,1333;1115,05
175,0869;1071,59
175,3455;1087,69
175,4109;1073,65
176,2597;1074,03
175,5909;1067,95
175,1164;1103,06
175,306;1089,41
175,5618;1089,41
175,6053;1070,71
175,6555;1098,38
175,3741;1102,83
176,2439;1064,88
176,3507;1050,47
176,892;1062
176,5118;1055,69
176,0505;1086,84
176,5936;1091,6
175,8086;1089,63
175,5949;1115,23
175,6253;1114,61
175,5736;1116,04
174,9883;1117,51
174,6112;1113,2
175,3027;1095,31
175,6914;1092,04
176,1947;1073,69
175,9909;1076,77
176,2716;1074,57
176,4795;1041,24
176,5207;1030,71
176,5853;1027,37
176,322;1022,58
176,7215;1022,58
176,2952;1028,06
176,1894;1060,27
175,9721;1070,24
175,8754;1077,96
176,3765;1078,75
175,9605;1095,34
175,6518;1095,17
175,6899;1096,48
175,882;1064,88
175,4499;1071,25
175,6645;1083,48
175,7734;1069,59
175,6832;1093,67
175,2971;1102,66
174,616;1115,01
174,5206;1113,84
174,5488;1106,13
174,7278;1101,53
175,3645;1101,6
175,1754;1125,86
175,9004;1120,46
176,1862;1127,24
176,6149;1125,82
177,0317;1121,64
176,9052;1127,79
176,8037;1121,06
177,9718;1089,47
178,0598;1083,61
178,2592;1079,25
178,9378;1079,38
178,8085;1092,54
179,2784;1094,16
179,4489;1075,63
180,136;1071,69
180,0056;1067,36
181,2339;1051,87
181,7076;1055,33
181,7425;1047,22
181,4218;1064,59
181,9018;1048,92
182,1084;1049,33
180,8783;1080,29
180,2544;1090,1
179,3971;1104,51
179,5565;1104,51
180,6998;1091,84
180,205;1098,87
179,7791;1104,18
178,926;1109,55
178,628;1121,9
179,2474;1121,1
178,7262;1125,07
177,8974;1124,66
178,3879;1125,59
178,067;1142,71
178,3402;1139,78
179,3873;1134,28
180,0776;1124,83
179,373;1148,67
180,0687;1142,16
180,3303;1147,7
180,2569;1144,73
179,9691;1141,2
179,8871;1146,24
180,2771;1137,03
180,057;1160,75
180,5798;1159,97
180,1489;1158,06
180,3452;1165,15
180,1187;1165,32
180,5471;1169,77
180,0953;1178,1
179,8923;1173,81
179,2318;1176,19
178,9973;1184,71
178,6864;1165,9
178,5146;1178,17
178,1718;1180,27
178,2929;1183,08
178,5144;1185,62
178,063;1185,64
177,512;1182,45
177,5588;1183,78
177,9414;1183,26
178,4847;1184,39
178,6246;1193,57
179,2997;1197,96
179,2063;1221,06
179,0846;1225,85
179,1706;1223,25
179,0505;1213,4
178,9861;1218,71
179,0213;1213,54
178,1866;1199,21
177,5999;1197,75
176,84;1178,34
177,1991;1178,59
176,2231;1196,69
176,1666;1199,73
176,7933;1197,84
177,8765;1180,73
176,773;1198,35
176,4347;1198,35
176,5566;1189,4
176,3542;1187,76
177,4665;1180,55
176,4662;1206,07
176,0313;1221,53
175,6042;1224,71
175,9617;1223,12
174,9614;1223,75
174,2155;1228,28
174,7482;1233
174,7311;1240,4
174,337;1240,46
173,7899;1241,59
173,9247;1235,23
173,5488;1242,87
173,9378;1243,91
174,8058;1247,08
174,6435;1254,6
175,0895;1258,84
174,8501;1256,77
174,8659;1256,77
174,4444;1257,54
175,115;1258,51
174,6968;1259,78
175,2613;1257,88
175,2771;1257,64
175,779;1271,87
175,9756;1270,2
175,1923;1276,56
175,3689;1273,85
175,7762;1271,5
175,862;1269,75
175,3968;1274,48
174,2452;1285,96
174,1447;1283,76
174,2974;1293,24
174,2434;1293,24
173,5673;1295,02
173,8047;1281,92
172,9876;1280,26
172,9901;1283,35
173,1387;1290,84
173,077;1291,18
172,6352;1296,63
172,3094;1299,54
172,6995;1276,34
172,7814;1286,12
172,018;1307,59
171,8404;1304,03
172,4316;1307,1
171,7361;1310,87
172,0308;1319,05
171,7579;1324,57
171,2257;1320,88
171,3353;1321,87
171,7852;1329,15
171,6433;1332,32
171,6516;1328,01
172,0386;1336,32
172,8197;1340,43
172,1035;1343,01
172,7244;1343,01
173,0358;1315,45
173,1322;1307,4
173,257;1306,1
173,1871;1319,88
173,0036;1327,22
172,8564;1306,33
172,6338;1308,44
171,4304;1330,97
171,6339;1321,15
171,5545;1310,13
171,3549;1321,82
171,5823;1320,03
172,0848;1295,11
172,5338;1304,28
172,4247;1296,39
173,3349;1281,87
174,0053;1256,88
172,9293;1273,71
172,5431;1279,21
172,0731;1298,38
171,9669;1293,77
172,2966;1297,54
172,0918;1309,66
171,9039;1313,8
171,5694;1310,19
171,361;1319,44
171,3809;1328,26
171,242;1325,83
170,9026;1332,41
171,0772;1332,87
170,8157;1332,63
170,5002;1335,54
170,5141;1333,51
169,8219;1328,17
169,7254;1324,46
170,3051;1314,16
170,3522;1314,41
170,5894;1314,52
171,0081;1319,68
172,2881;1305,14
171,9445;1312,62
171,6298;1330,36
172,0485;1337,39
172,0485;1337,39
172,0485;1335,25
172,2851;1347,24
171,7386;1355,66
172,3612;1360,48
172,6854;1363,61
172,4765;1361,22
172,179;1356,62
171,8781;1347,32
172,6418;1335,1
173,01;1340,2
173,9269;1346,3
173,7044;1357,16
173,5948;1342,08
174,012;1348,65
174,0893;1337,77
173,7509;1329,47
174,0516;1328,98
173,912;1340,68
173,7473;1343,6
174,4471;1333,27
174,909;1317,37
174,461;1316,28
174,8303;1320,47
175,3813;1325,69
175,5416;1331,1
175,5943;1331,1
175,1805;1345,2
175,4721;1314,55
175,4491;1312,94
174,9277;1300,16
175,1622;1286,17
174,5212;1284,94
174,9484;1279,56
175,2818;1289
175,9748;1270,98
176,0058;1271,83
175,3958;1287,87
175,9351;1265,42
176,4067;1267,64
175,8952;1271,5
175,8802;1278,36
175,5342;1295,52
175,815;1287,14
176,9934;1283,5
177,1024;1268,45
176,5654;1280,1
176,1263;1296,67
175,4381;1307,41
174,9536;1320,64
175,0402;1339,67
175,1317;1339,67
175,4171;1337,88
176,4597;1339,23
175,9887;1353,22
177,5957;1343,8
179,5122;1319,49
179,2252;1313,64
178,6143;1317,72
178,6171;1308,87
179,2455;1316,14
179,7456;1305,44
179,2228;1326,73
178,2104;1325,84
176,9532;1343,8
177,6952;1345,02
178,1836;1337,43
178,3318;1331,94
179,3992;1304,89
179,4192;1300,67
180,4978;1292,28
181,1822;1286,94
181,9653;1254,05
181,9902;1260,34
183,1281;1200,07
183,0188;1199,38
183,6774;1119,46
182,9081;1172,53
184,6079;1120,76
183,7007;1172,64
183,326;1178,81
183,1469;1204,49
183,2215;1192,76
184,0044;1193,89
185,9085;1140,65
185,6716;1123,53
185,5502;1123,82
185,6587;1162,35
184,794;1177,6
185,181;1159,27
185,5149;1176,8
184,4737;1210,09
185,4273;1212,92
184,5772;1218,89
185,3261;1204,42
186,5421;1173,97
188,0704;1173,97
188,2871;1165,24
187,6646;1198,62
187,9866;1185,9
189,5186;1154,23
189,8757;1162,27
189,502;1172,87
188,7112;1188,68
187,6801;1209,11
188,7371;1216,01
189,5153;1204,09
189,4978;1202,09
189,9215;1166,76
190,9021;1129,56
190,7758;1136,43
190,0075;1162,95
188,3725;1175,38
188,0486;1151,06
187,6561;1160,4
188,9356;1131,42
189,9522;1099,23
190,6231;1123,95
189,4059;1144,03
187,9013;1164,97
187,644;1155,46
187,0724;1194,89
186,9831;1195,54
185,746;1207,25
186,6714;1203,66
185,7309;1224,58
187,0079;1200,86
187,8152;1225,38
187,2009;1209,88
187,532;1215,39
186,9001;1238,25
186,9765;1254,2
187,5727;1229,05
188,0655;1242
185,9048;1284,59
185,899;1285,09
187,5881;1253,3
190,3326;1218,28
189,6704;1237,9
189,0738;1261,16
189,7515;1253,23
190,1679;1261,12
190,359;1275,92
191,4549;1229,1
191,351;1239,69
190,0691;1263,86
191,0814;1251,78
191,5304;1257,81
190,9399;1236,91
189,9728;1216,13
189,165;1215,65
189,8364;1192,98
189,7721;1188,04
188,376;1161,79
187,4326;1161,79
186,8247;1158,67
186,521;1192,55
185,9942;1195,19
186,6307;1246,96
187,9678;1244,58
188,5144;1244,28
188,1084;1257,08
188,18;1258,47
189,1232;1261,01
189,8802;1234,35
188,603;1255,19
189,9633;1236,47
190,1133;1225,73
191,4128;1211,82
191,1202;1215,75
191,9205;1219,66
191,7883;1205,35
190,9987;1241,31
191,198;1243,72
191,1736;1254
191,298;1265,33
191,298;1265,33
191,6276;1265,43
191,7578;1249,64
192,4312;1263,02
192,2834;1257,61
191,6508;1257,61
191,6794;1277,06
191,531;1277,3
192,247;1281,06
192,1585;1277,81
192,3329;1280,7
191,9306;1292,08
192,5467;1292,48
192,4226;1295,5
193,2441;1289,09
193,1481;1289,09
192,7251;1293,67
192,7754;1308,04
192,0313;1314,5
191,3317;1315,38
190,6703;1316
190,3591;1314,66
190,8332;1326,05
191,5649;1318,43
191,7001;1316,33
192,497;1313,01
192,5963;1312,41
192,318;1324,09
192,012;1325,54
191,3879;1344,9
191,8555;1344,33
191,08;1347,05
190,9097;1349,96
190,071;1351,95
191,222;1342,64
191,2258;1351,77
191,4974;1350,5
192,1229;1343,23
192,0719;1358,04
191,514;1361,23
191,1347;1361,23
191,0936;1362,21
191,5883;1357,66
192,1187;1363,46
192,1659;1365,74
192,8372;1367,59
193,0615;1372,18
192,9099;1365,68
192,246;1374,09
193,0309;1369,63
192,628;1364,34
192,9811;1343,36
193,0465;1352,63
192,8676;1365,91
193,0144;1370,87
193,1904;1371,09
192,601;1395,95
191,0229;1394,28
190,7606;1402,6
189,7886;1404,17
190,086;1409,75
190,1606;1405,52
191,0084;1402,9
191,7219;1392,79
192,0285;1397,11
191,4082;1416,51
191,8822;1412,52
192,3322;1405,54
192,735;1403,28
193,0263;1408,47
192,9607;1419,04
192,7676;1413,38
192,8249;1398,96
193,5248;1398,08
193,5248;1398,08
193,5248;1382,2
194,6861;1358,59
194,1024;1368,71
193,8856;1387,57
194,5157;1370,26
194,4958;1369,57
194,0181;1390,78
194,4777;1385,14
194,695;1376,92
194,4286;1378,53
195,2021;1366,94
194,4439;1371,97
194,0324;1390,69
194,7423;1399,98
194,626;1403,36
195,0753;1397,91
195,0753;1405,82
195,5576;1402,31
195,457;1391,57
195,8622;1369,1
195,6033;1369,58
196,4239;1363,72
196,7063;1354,58
196,6444;1357,99
196,887;1353,39
197,6525;1338,35
197,6087;1330,66
197,3208;1324,8
198,0197;1304,86
197,9602;1295,22
198,0079;1315,99
197,5762;1316,63
198,7594;1318,86
198,81;1320,68
199,0553;1317,82
199,245;1317,82
199,3165;1332,42
200,6541;1313,32
201,5272;1310,33
202,0928;1278,05
201,548;1278,18
201,5075;1285,5
200,0032;1315,13
199,1357;1314,99
199,6568;1325,66
199,8243;1308,93
198,1629;1324,18
197,0708;1314,88
197,2656;1329,1
198,1803;1342,84
198,5323;1344,78
197,1335;1357,98
196,2449;1355,69
197,4682;1325,51
196,6401;1335,02
197,9044;1313,72
197,2067;1319,99
196,5968;1331,85
196,9863;1329,04
196,3233;1362,16
196,9618;1365,51
196,5179;1374,02
197,4313;1374,02
198,3178;1367,58
199,2748;1354,68
199,2217;1352,46
199,3869;1341,47
199,8244;1341,46
200,1737;1334,76
200,1682;1356,78
200,4172;1353,64
200,6521;1363,67
200,9722;1372,78
200,7735;1376,51
201,3552;1362,66
200,9982;1350,52
200,398;1338,31
200,0645;1337,89
199,5534;1360,02
198,6759;1385,97
198,9608;1385,3
200,4071;1379,32
199,2731;1375,14
200,782;1365
198,7855;1390,99
199,0458;1394,23
198,1391;1401,35
198,5753;1402,22
198,434;1402,8
199,2467;1405,87
198,9589;1404,11
198,1974;1403,93
197,1622;1405,53
197,7045;1415,51
198,1231;1418,16
197,9337;1418,13
197,2525;1413,17
198,6544;1413,49
199,4908;1402,08
199,9523;1411,13
199,6743;1410,44
199,8506;1409,3
199,4696;1410,49
200,1711;1399,48
200,0115;1406,58
199,6006;1406,58
199,5445;1404,94
198,9061;1403,43
197,3387;1432,12
197,8015;1437,92
197,3078;1429,08
197,3476;1433,57
196,3851;1436,56
197,1448;1459,99
195,6028;1465,77
196,0668;1461,19
196,5452;1459,32
196,6765;1461,05
197,3123;1460,26
197,0234;1460,15
197,3364;1456,89
197,0022;1441,59
198,6117;1433,32
198,6965;1447,15
198,943;1440,67
198,4683;1444,49
198,3678;1445,75
198,5692;1450,99
198,6167;1461,4
197,7642;1460,93
198,3548;1455,88
198,3069;1441,48
198,2151;1432,56
198,128;1432,84
198,755;1428,59
198,4785;1440,13
197,6447;1454,92
196,5301;1460,91
196,6338;1457,34
197,0294;1433,19
196,7489;1433,82
197,157;1413,11
197,291;1408,75
197,1709;1412,97
197,6948;1411,94
198,6302;1411,94
198,4636;1411,94
198,6605;1412,16
198,7782;1427,59
199,0687;1414,2
199,3136;1417,26
199,2622;1428,39
199,9573;1394,53
200,0787;1377,51
200,1995;1379,85
200,1672;1380,03
200,1348;1374,53
200,07;1355,49
199,9637;1353,33
200,1279;1359,88
199,8424;1386,89
199,2083;1387,81
198,9469;1391,03
198,9136;1391,03
198,8191;1409,15
199,1685;1406,29
199,0282;1398,94
199,7892;1409,93
199,5897;1415,95
199,5399;1416,18
199,2071;1409,46
199,5061;1407,05
200,1112;1409,28
200,6441;1413,94
200,5645;1418,07
200,5286;1418,55
200,3722;1427,84
200,3217;1428,48
200,2246;1419,45
200,1127;1413,58
200,0017;1430,36
199,5939;1446,79
199,3609;1435,81
199,6893;1443,69
200,0928;1430,15
200,1352;1426,66
200,1352;1426,66
200,1352;1419,83
200,9042;1418,1
201,1163;1402,43
201,1305;1426,19
201,1305;1426,19
199,4492;1462,42
198,8467;1459,37
197,9808;1466,47
198,3299;1461,89
198,7376;1457,15
198,8479;1461,02
197,8787;1472,12
197,4697;1472,05
197,8883;1470,68
198,3779;1472,34
198,4219;1472,63
197,8187;1480,94
198,6039;1485,98
198,1921;1485,98
198,3231;1492,56
198,6836;1494,81
198,1668;1494,82
197,4417;1502,96
196,8501;1500,18
197,0723;1507,84
196,8647;1501,96
197,4359;1498,11
197,4234;1513,17
198,1534;1495,71
197,6098;1511,29
197,8972;1512,12
198,1633;1509,39
198,1807;1517,93
198,0667;1517,01
197,7536;1519,43
197,2991;1520,33
197,8249;1521,38
197,5614;1519,79
197,9555;1519,79
197,9858;1530,94
197,4818;1511,95
198,3134;1502,42
198,5699;1515,6
198,4629;1487,85
199,7412;1496,94
199,919;1515,99
199,8572;1514,68
200,3611;1518,2
200,3057;1525,2
199,8193;1539,79
199,8694;1541,46
199,3986;1544,26
199,0752;1551,18
199,2638;1556,22
199,5542;1552,48
199,6483;1554,52
199,6161;1563,23
199,8646;1560,7
200,4317;1552,1
201,2555;1548,34
200,8838;1558,71
201,1294;1545,8
200,9662;1556,89
201,1968;1551,69
201,2276;1563,77
201,9541;1562,85
201,7978;1569,19
201,7978;1569,19
201,7978;1562,17
201,5051;1570,25
201,6763;1553,69
202,0489;1559,98
202,853;1553,28
202,6757;1563,07
202,3409;1568,61
201,7597;1587,73
201,5673;1593,37
202,0889;1588,85
202,2556;1552,36
201,9288;1574,57
202,3202;1552,01
202,3097;1541,61
202,0287;1555,25
202,4276;1562,5
202,2366;1578,78
202,3999;1578,79
202,445;1585,16
202,7903;1582,24
202,9081;1593,61
202,9047;1597,57
202,9047;1582,7
203,5748;1597,59
202,3209;1614,42
202,3428;1617,5
201,5855;1625,96
202,0694;1632,69
202,1025;1626,67
200,8244;1633,7
201,0445;1633,77
200,9206;1650,34
200,7516;1658,78
201,4434;1650,47
201,6354;1667,47
200,9891;1666,29
200,4211;1669,16
200,7355;1655,35
200,5316;1650,51
200,785;1649,6
200,3429;1649,6
199,9931;1660,06
199,6522;1648,36
199,8657;1654,41
199,9206;1630,74
199,7413;1640,42
199,4663;1631,38
199,8342;1608,9
199,5101;1622,56
199,4653;1643,38
198,9762;1642,81
198,9795;1626,13
199,0384;1612,52
199,422;1636,36
199,9413;1626,73
199,7501;1639,04
199,1951;1651,81
199,3906;1628,93
198,1334;1588,19
197,5488;1592,43
196,7449;1573,09
197,0879;1588,03
197,4877;1603,26
197,8513;1613,2
197,892;1606,28
198,0002;1614,96
198,1304;1614,08
198,7079;1615,41
198,7804;1615,41
198,1373;1631,89
198,3508;1640,46
198,9148;1652,32
198,8388;1652,62
199,0924;1675,02
199,7278;1680,19
199,4715;1682,5
199,7592;1676,26
199,9674;1680,91
200,1605;1689,37
200,0753;1692,09
200,0852;1695,53
199,6867;1692,39
198,7639;1685,94
198,317;1690,25
198,438;1691,65
198,4664;1685,33
198,4775;1685,96
198,5109;1685,73
198,5516;1706,87
198,6656;1709,67
198,2419;1707,14
198,1391;1697,37
198,3289;1690,91
198,3728;1697,48
198,369;1691,42
198,2786;1689,47
196,9047;1694,16
196,9471;1685,39
196,1194;1661,32
196,2524;1655,83
195,9704;1646,06
196,609;1652,35
196,1264;1642,8
195,7652;1656,96
195,6077;1663,5
196,0445;1656,78
196,5052;1630,48
196,2814;1634,96
196,4782;1638,17
196,5301;1632,97
195,9669;1632,97
195,4988;1639,77
195,7109;1653,08
194,662;1655,08
195,682;1655,17
195,5259;1671,71
194,667;1683,99
194,9982;1689,13
195,5995;1683,42
195,8624;1687,99
196,2356;1697,6
195,8302;1704,76
195,5129;1725,52
196,091;1722,34
195,8631;1709,91
196,3577;1701,84
197,0024;1697,42
197,3812;1692,77
197,375;1698,67
197,9214;1691,75
197,9445;1681,55
197,6979;1695
197,6388;1693,87
197,4494;1678,66
197,0992;1690,5
197,4379;1676,12
197,2938;1655,45
197,3251;1656,4
196,7804;1692,56
196,918;1703,2
196,8761;1710,14
196,3567;1698,06
196,0262;1721,54
196,7463;1733,15
197,1032;1744,5
197,0299;1744,66
197,6833;1754,67
197,8876;1746,38
197,8344;1752,07
197,9915;1759,77
198,0439;1762,11
198,1263;1771,95
198,6597;1763,31
198,8966;1756,54
198,7719;1761,64
198,8393;1767,93
198,114;1762,97
198,0682;1770,49
198,7338;1747,15
198,0656;1770,61
198,062;1771,89
197,656;1767,69
198,2509;1782
198,5713;1790,62
198,542;1798,18
198,7434;1791,53
198,3816;1787,87
198,4732;1781,37
198,142;1795,85
198,0732;1804,76
198,4092;1802,48
198,73;1802,75
198,6245;1807,23
198,6538;1807,23
198,7761;1805,81
198,3307;1800,9
198,4502;1795,15
197,5248;1792,81
197,0413;1785,03
197,2983;1805,09
197,2546;1808,37
197,2948;1802,62
197,4299;1782,22
197,2187;1775,5
197,3438;1775,32
197,3348;1786,54
197,3746;1781
197,3271;1810,65
197,0265;1809,6
197,1496;1818,32
197,0219;1827,99
197,0353;1833,32
197,0353;1833,32
197,0353;1842,02
196,286;1841,4
196,5365;1841,07
196,5767;1848,36
196,5767;1848,36
196,3939;1831,98
196,345;1831,37
196,7219;1826,77
196,9426;1837,88
196,6891;1837,49
196,7022;1838,13
197,2551;1842,37
197,633;1819,2
197,6709;1838,88
197,5028;1848,38
198,0999;1845,89
198,341;1838,7
198,5295;1838,7
198,6265;1843,8
198,4726;1844,86
198,9824;1828,46
199,6105;1790,29
199,5147;1781,56
199,4808;1792,5
199,8885;1774,2
200,1799;1794,19
200,8385;1782,59
200,9015;1741,89
200,8824;1755,2
200,9737;1751,64
200,2196;1773,43
200,6852;1797,02
200,4581;1799,84
200,4864;1819,75
200,0846;1819,26
200,6306;1829,83
200,4456;1838,63
200,3683;1838,63
200,4227;1840,76
200,6136;1828,75
200,1677;1839,78
200,5499;1836,25
200,3241;1847,61
200,6366;1845,12
201,2346;1845,16
201,7385;1854,29
201,082;1859,45
201,8031;1845,73
201,4764;1873,91
201,3875;1873,81
200,7301;1877,03
200,7968;1878,04
200,9689;1877,17
200,7258;1867,63
201,189;1868,2
201,7786;1846,34
201,7708;1841,13
201,5275;1858,83
201,5781;1872,25
201,2696;1860,77
200,759;1872,01
200,8927;1866,52
201,4119;1857,44
201,5989;1865,62
201,7648;1852,56
202,1641;1849,04
201,9497;1857,62
201,7587;1872,34
201,5518;1885,52
201,1035;1890,9
201,1926;1888,77
201,7229;1865,09
201,8214;1845,04
201,6071;1851,96
201,5021;1872,18
202,1429;1833,08
202,3893;1815,69
202,2087;1830,61
202,922;1842,98
202,7314;1862,31
202,4102;1864,85
202,4102;1864,85
202,4102;1871,89
202,0449;1879,55
202,3369;1875,39
202,2761;1878,61
202,904;1863,4
202,6635;1869,43
202,6966;1878,33
203,0051;1883,95
203,0051;1883,68
203,2699;1881,14
203,0925;1884,66
203,0997;1867,72
202,982;1878,21
203,2592;1875,63
203,1198;1878,48
203,0011;1896,65
203,5524;1897,45
204,166;1888,53
205,064;1870,85
204,6912;1877,86
204,655;1885,08
204,4381;1872,83
204,2198;1888,03
204,5537;1892,49
204,4609;1900,53
204,4623;1900,53
204,7598;1911,91
205,3729;1909,78
205,1934;1920,03
205,0401;1923,57
204,9292;1924,97
204,3455;1924,24
204,1355;1927,88
204,4432;1940,46
204,8106;1949,44
204,6097;1951,27
204,3013;1950,79
204,4658;1943,89
204,4708;1930,11
204,6674;1936,16
204,9255;1937,78
204,3479;1941,99
204,7481;1956,98
205,3211;1959,48
204,9748;1962,87
205,2353;1962,61
205,1687;1949,98
205,9007;1959,53
206,2196;1957,22
206,0762;1960,96
206,2241;1960,23
206,2593;1973,32
205,8487;1974,62
205,6974;1985,44
205,9875;1985,44
206,0785;1977,65
206,5085;1963,71
206,4597;1972,83
206,8231;1964,68
206,868;1967,57
206,796;1977,1
206,7841;1973,28
207,0579;1981,57
207,3971;1958,12
207,4977;1978,22
207,6513;1973,63
207,2782;1983,53
207,6005;1987,01
207,1944;1987,98
207,6435;1978,34
207,6903;1978,91
208,1747;1969,95
207,5772;1970,07
207,4563;1930,67
207,8244;1925,15
207,9154;1938,99
207,5332;1920,21
208,4153;1920,24
208,8765;1909,57
209,2066;1931,59
209,0109;1936,92
208,9875;1933,75
209,2567;1946,72
209,5282;1955,18
210,1002;1955,06
209,5949;1971,74
209,8488;1981,6
210,1445;1986,51
210,062;1992,37
210,167;1988,4
210,5811;1997,92
210,6927;2000,02
211,1013;2000,12
211,4908;1996,74
211,4361;2003,37
211,3735;2003,37
210,79;2002,28
210,3929;2000,72
210,0789;1997,65
210,4776;2007,71
210,4766;2001,54
209,7908;1988,44
209,7621;1995,69
209,8739;1997,45
209,3745;1985,54
209,6209;1984,13
209,461;1998,98
209,6407;2001,57
209,1137;2011,36
209,7294;2010,4
209,9986;1994,29
210,2299;1982,77
210,2769;1998,3
210,6015;1965,99
210,8028;1982,85
210,9175;1977,8
211,0917;1972,29
211,6167;1946,16
211,5299;1946,17
211,3577;1967,9
211,6287;1964,82
211,5;1935,1
211,5861;1968,89
211,5479;1928,21
211,7469;1906,13
211,626;1874,74
212,3604;1877,7
213,4363;1862,49
212,7331;1862,76
212,1798;1886,76
212,3097;1904,01
212,0402;1941,28
212,0972;1927,11
211,6669;1950,82
211,7528;1964,58
212,0819;1961,63
212,0703;1985,05
211,8329;1982,3
212,436;1994,65
212,3785;2018,05
212,1503;2017,81
212,8476;2012,1
212,5394;2023,57
212,4396;2031,21
212,5929;2031,92
212,6779;2038,26
212,6184;2039,68
212,8631;2038,25
213,0029;2039,33
213,1771;2039,82
213,1205;2041,32
212,9856;2051,8
212,4582;2048,72
212,9894;2052,75
213,3169;2063,5
213,1756;2069,41
213,6465;2067,03
213,9548;2072,83
214,3555;2072,83
214,3246;2067,56
213,9773;2053,44
213,797;2066,55
213,7672;2074,33
213,5945;2071,92
213,5209;2075,37
214,2479;2060,31
214,7917;2059,82
214,9262;2026,14
215,0595;2035,33
215,8743;2002,33
215,8304;1989,63
216,3386;1972,74
216,3888;2012,89
215,9546;2061,23
216,0592;2070,65
216,0616;2078,54
216,1386;2082,17
216,1514;2081,88
216,1514;2081,88
216,1514;2088,77
216,8924;2090,57
216,9331;2080,35
216,9716;2058,9
216,9716;2058,9
217,7601;2058,2
217,6882;2020,58
218,981;2002,61
218,7341;2025,9
217,9721;2062,14
218,5228;2044,81
218,6445;2028,26
218,6744;2023,03
219,2618;2011,27
219,3607;1992,67
219,395;2019,42
219,7667;2019,42
219,6736;2022,55
218,7782;2032,12
219,5195;2063,15
220,6437;2051,82
220,2866;2057,09
220,5974;2029,55
221,1078;2002,16
221,1207;2021,25
222,0914;1994,99
222,2041;2020,85
221,7427;2050,03
221,5453;2041,51
221,5945;2062,52
221,5047;2055,47
221,8604;2046,74
221,5451;2068,59
221,7334;2068,53
222,3048;2088,48
222,0027;2096,99
221,8225;2096,99
221,4067;2100,34
221,0703;2099,68
220,9727;2097,45
221,0077;2110,3
220,9156;2109,66
220,9024;2115,48
221,5671;2113,86
222,0586;2110,74
221,6132;2104,5
221,1014;2117,39
221,0807;2107,78
221,0048;2098,53
221,5094;2101,04
221,0318;2071,26
222,3619;2079,43
223,9476;2044,16
224,6981;2040,24
223,9652;2065,95
224,0136;2053,4
223,9484;2081,19
223,6688;2074,28
224,6863;2099,5
224,7394;2089,27
224,8868;2108,1
224,4133;2104,42
224,2053;2091,5
224,4544;2061,05
224,4959;2056,15
224,6086;2061,02
224,7067;2086,24
225,0321;2067,89
225,1295;2059,69
224,7756;2066,96
224,7756;2066,96
224,7756;2080,62
224,6107;2076,33
224,8975;2081,9
224,8678;2091,18
225,0282;2102,06
225,1465;2092,43
225,6509;2095,84
226,2355;2106,63
226,6114;2104,99
226,7875;2081,18
226,9162;2100,4
226,4181;2097,29
225,4301;2107,96
225,2786;2112,93
225,2461;2117,69
225,1337;2108,92
225,1108;2114,76
223,0396;2106,85
221,9123;2085,51
221,9123;2108,29
220,5444;2114,49
219,5772;2089,46
218,1096;2080,15
218,3069;2088
219,0773;2116,1
218,2974;2105,33
216,8831;2099,12
216,2513;2098,48
216,1212;2121,1
217,3453;2122,73
217,191;2129,2
217,849;2127,83
217,729;2125,85
217,5216;2130,82
217,8679;2126,06
217,8803;2126,06
218,6969;2104,2
218,5788;2123,48
218,8817;2120,79
219,5115;2107,39
219,3359;2111,73
217,0423;2109,6
214,7066;2114,07
214,8835;2095,84
214,7292;2092,83
214,0444;2079,28
212,8551;2080,15
212,2997;2105,2
213,7073;2108,86
214,4295;2094,11
214,6924;2084,43
214,8059;2096,29
214,8677;2100,44
214,8601;2121,24
215,4791;2109,99
213,6873;2122,85
213,7879;2124,2
214,1044;2108,58
213,7807;2102,31
212,9908;2101,49
214,5886;2057,64
214,8004;2063,11
214,3361;2077,42
213,7531;2076,78
214,6672;2076,78
214,9534;2068,76
217,0155;2081,34
216,6461;2046,68
215,8546;2051,31
213,7255;2076,62
213,9015;2099,6
214,2716;2108,95
215,2198;2107,4
215,098;2124,29
215,8122;2126,64
216,1542;2128,28
215,9228;2119,21
216,3935;2114,15
216,2803;2102,15
217,1996;2079,65
217,2782;2067,64
217,2368;2093,25
216,9644;2108,57
217,7938;2108,63
217,9658;2103,84
218,0909;2098,04
217,9353;2093,32
216,4626;2099,84
216,7924;2083,56
217,5867;2077,57
217,1161;2104,18
218,38;2084,07
218,6913;2086,05
218,281;2083,39
218,0232;2091,54
218,3284;2102,44
218,0588;2096,92
218,1296;2079,61
218,9255;2035,73
219,1128;1970,89
219,2844;1893,21
216,8175;1867,61
217,3806;1940,51
216,7336;1987,66
216,8307;1988,87
215,9002;1972,18
215,7877;1913,85
216,0272;1948,86
216,6702;1951,13
217,6699;1921,22
217,4202;1921,22
217,2583;1969,41
216,9567;1942,04
217,1385;1952,29
217,5167;1961,05
217,5811;1953,03
216,3914;1978,09
216,1101;1995,31
216,1169;1990,2
217,6669;1958,03
217,3135;1966,97
218,5813;1942,74
218,4692;1938,76
218,8253;1932,24
217,9465;1931,34
218,5493;1881,77
218,6515;1884,09
218,5824;1920,03
219,1411;1923,82
219,7624;1951,36
218,8261;1987,05
218,4325;1979,92
218,4088;1995,83
218,606;2013,43
218,198;2014,89
218,7327;2017,46
218,4108;2003,69
219,1146;1994,24
218,9741;2023,86
219,1818;2033,11
218,8457;2033,66
218,0879;2030,77
218,8202;2018,94
219,8326;2052,51
219,7858;2075,15
220,0284;2071,18
220,8444;2065,89
220,9064;2090,35
219,6614;2089,41
219,7514;2079,36
219,0834;2104,05
218,878;2109,79
218,5352;2102,31
218,2399;2099,93
217,0009;2099,2
216,8367;2078,58
217,5659;2081,72
217,9053;2075
218,0982;2045,97
218,7313;2023,04
219,1153;2053,19
219,1086;2050,44
219,6008;2083,58
220,0662;2081,24
220,3565;2089,17
219,6408;2086,59
219,9052;2089,14
220,2467;2088,87
220,3215;2088,87
220,5289;2090,11
220,0684;2080,41
220,0444;2102,63
220,0654;2079,51
217,6223;2049,62
217,1398;2091,69
218,3834;2077,07
218,744;2063,59
218,3442;2047,62
218,7366;2052,23
219,2858;2012,37
218,9698;2021,94
217,9029;2043,41
217,6781;2073,07
218,6475;2041,89
219,3448;2005,55
219,3446;2021,15
218,4832;2038,97
217,8605;2064,29
217,8723;2060,99
217,8723;2060,99
217,8841;2056,5
217,6841;2078,36
217,8314;2063,36
217,8431;2043,94
217,8431;2043,94
218,5875;2012,66
218,8155;2016,71
219,349;1990,26
218,8227;1943,09
219,2821;1922,03
219,1007;1923,67
219,3032;1938,68
219,6755;1890,28
219,4891;1921,84
220,1553;1880,33
220,077;1880,33
219,893;1881,33
221,0359;1859,33
221,3731;1868,99
221,0195;1906,9
221,2376;1877,08
221,715;1903,63
221,8195;1882,95
222,3775;1893,36
223,4347;1940,24
223,051;1939,38
223,4189;1903,03
224,2048;1912,53
223,731;1915,45
223,9448;1880,05
225,349;1853,44
225,1259;1852,21
224,8492;1851,86
226,2468;1829,08
224,9949;1864,78
225,1967;1864,78
224,6783;1895,58
224,5265;1926,82
225,4252;1917,83
225,6273;1917,78
225,9852;1945,5
226,0092;1921,27
226,5217;1929,8
226,6457;1951,7
226,3103;1948,05
226,8955;1932,23
225,9946;1978,35
225,0024;1986,45
225,4944;1993,4
224,7444;1999,99
224,9712;2001,76
225,5681;1979,26
224,6868;1989,26
223,3843;1989,57
224,026;2022,19
224,0638;2019,64
223,5418;2015,93
223,923;2027,22
224,8871;2040,59
225,1584;2049,58
225,0928;2051,6
225,3012;2049,8
225,4701;2036,71
225,8159;2035,94
225,8159;2035,94
225,8159;2037,05
226,5425;2055,01
226,1693;2063,95
226,2722;2059,74
226,6161;2072,78
226,9756;2066,13
227,5429;2045,17
227,1262;2066,66
227,7159;2041,91
227,4185;2047,6
227,0071;2041,99
226,2773;2061,72
226,6915;2082,42
226,4124;2082,78
226,8361;2080,73
226,4074;2094,34
226,0337;2100,8
226,5416;2102,4
225,2087;2091,48
225,0919;2091,58
224,661;2087,79
224,1433;2091,7
224,1573;2095,15
224,6169;2075,81
224,1871;2065,3
224,4067;2081,43
225,7064;2063,37
225,605;2051,12
226,201;2050,63
226,5852;2057,14
226,867;2058,69
227,0636;2084,39
226,9503;2064,46
226,4564;2064,11
226,8608;2046,61
226,5617;2066,66
226,8076;2047,21
226,1745;2047,63
226,2083;2040,04
226,0388;2052,32
225,8769;2048,04
225,9229;2076,06
226,4425;2090,54
226,6175;2090,1
226,5366;2099,06
226,0792;2099,06
226,4548;2096,96
226,7154;2099,33
227,0892;2105,26
227,9242;2099,13
227,8566;2109,41
228,4037;2112,13
228,5416;2119,12
229,0296;2115,48
229,5348;2096,07
229,1494;2079,06
230,1528;2075,32
230,1778;2071,5
230,7527;2077,99
229,9194;2071,22
229,0139;2083,25
229,1261;2088,9
228,9237;2085,45
228,3653;2113,32
231,2654;2037,41
232,2451;2000,54
232,2948;2036,09
232,4798;2070,77
232,7311;2098,86
232,3262;2102,95
232,3676;2102,95
233,2808;2088,55
233,2208;2099,73
232,9128;2097,9
233,2345;2129,9
232,9802;2137,16
231,764;2152,14
232,4838;2152,43
231,6082;2163,75
230,8834;2161,74
231,1433;2166,89
231,2423;2163,78
230,9475;2173,02
230,8385;2165,17
231,1407;2175,03
231,6756;2168,48
231,4886;2169,18
232,5735;2166,58
232,6615;2170,06
233,1045;2173,6
232,7454;2170,84
231,6337;2157,03
231,6449;2163,79
232,5885;2164,25
231,9596;2182,87
231,8422;2180,89
232,2194;2181,74
232,6983;2175,49
232,3836;2185,79
232,4397;2184,05
231,8757;2190,15
231,2826;2178,15
231,5943;2182,22
232,209;2187,02
231,5771;2183,87
232,1979;2182,64
232,3736;2186,9
232,1373;2175,44
231,9249;2172,47
232,141;2169,04
231,9061;2180,38
232,1704;2176,12
231,7384;2170,95
231,5237;2170,86
230,8627;2179,98
231,145;2179,98
232,2228;2186,48
232,6469;2186,16
231,4282;2181,3
229,9495;2127,81
229,8132;2159,04
229,6716;2127,02
229,8654;2125,77
229,5952;2147,26
230,0803;2139,16
229,8869;2139,12
230,6143;2139,76
230,2345;2163,12
231,8346;2177,18
231,7104;2164,69
232,1663;2146,1
232,6835;2159,93
232,9533;2171,37
232,3978;2151,13
232,3379;2168,27
231,9633;2161,2
231,7912;2150,49
230,4381;2159,73
230,1935;2160,77
229,8472;2153,74
229,276;2163,66
229,6413;2136,73
229,1414;2139,18
229,762;2132,55
229,2849;2132,98
229,2475;2126,5
229,5907;2139,6
229,7016;2144,29
230,2941;2141,34
230,0716;2141,16
229,5977;2151,33
229,6593;2143,16
228,4813;2139,43
227,1597;2133,04
227,4027;2126,41
227,5505;2126,15
227,254;2111,72
228,0857;2097,94
227,6012;2088,66
228,1862;2085,18
227,9641;2131,52
227,4522;2139,56
227,5463;2163,26
225,8164;2167,48
225,3831;2164,45
224,8876;2164,2
225,6054;2180,39
225,4267;2176,94
225,913;2187,12
225,9019;2181,9
225,9904;2198,18
226,6236;2202,94
225,9301;2204,72
226,1569;2204,72
226,4923;2213,35
227,2818;2201,72
226,6332;2204,66
225,9786;2198,81
225,0322;2191,08
225,7168;2191,95
225,028;2204,71
224,456;2212,23
224,6986;2241,35
223,7928;2246,19
224,1737;2259,53
223,2642;2256,96
224,0482;2271,72
224,9241;2253,28
224,0681;2262,03
224,8717;2258,07
225,9811;2262,53
225,8255;2270,76
226,1735;2265,18
225,9863;2260,96
226,5352;2263,79
226,5352;2263,79
227,0798;2268,88
226,8934;2249,92
227,3255;2249,26
226,62;2238,83
226,8096;2238,83
225,5603;2257,83
225,3929;2270,75
225,7637;2269
225,0646;2276,98
225,0373;2268,9
225,145;2268,9
225,4353;2275,32
225,6473;2270,44
225,0513;2274,64
225,2716;2274,64
225,5694;2267,89
225,0038;2271,89
224,4899;2263,69
223,5138;2271,31
224,4476;2265,2
224,1034;2280,07
223,1102;2298,37
222,7983;2296,68
223,3017;2294,69
223,5273;2280,9
223,7128;2278,87
223,0838;2279,55
223,8913;2280,85
223,9012;2297,42
224,5176;2292,56
224,5855;2293,08
225,5287;2294,67
225,607;2307,87
225,1627;2316,1
224,9848;2328,25
224,5697;2337,58
224,2259;2349,25
224,8318;2347,22
225,5642;2351,16
225,6328;2351,16
225,4111;2365,38
226,1476;2362,82
226,9522;2363,81
227,7073;2367,34
227,4537;2369,75
227,2262;2363,64
225,833;2395,96
225,4054;2381,92
224,7137;2383,12
224,8052;2375,31
225,2226;2368,39
224,393;2362,98
223,8337;2364,87
222,9059;2372,6
223,2149;2373,47
223,6919;2365,45
224,25;2385,26
223,7569;2381,38
223,9282;2378,25
223,8237;2373,47
223,5305;2344,02
224,2894;2348,45
223,9268;2345,96
224,0999;2343,98
224,083;2341,59
224,3129;2358,57
224,8601;2361,13
224,9815;2368,06
224,9395;2362,72
225,6931;2358,84
226,1523;2360,16
226,0354;2352,95
226,0929;2357,49
226,636;2355,54
226,8836;2357,16
227,2271;2353,78
227,3099;2344,93
227,6913;2328,95
227,6913;2328,95
227,6913;2349,01
227,8981;2342,19
227,3737;2338,17
226,7968;2355,84
226,7978;2348,69
224,924;2374,15
224,4631;2388,61
224,7618;2387,45
225,4206;2388,77
225,1051;2384,2
225,1051;2388,33
224,9382;2391,17
224,92;2388,13
224,0181;2389,52
223,5586;2399,29
223,4869;2399,38
223,1872;2396,92
223,519;2399,63
223,2935;2394,44
223,7329;2390,9
223,1956;2402,32
223,1556;2400,67
223,8079;2357,03
224,1818;2365,72
223,8613;2381,73
223,5129;2394,02
223,4113;2398,42
223,3934;2404,39
223,9403;2415,07
224,5052;2415,82
225,055;2415,82
224,9702;2412,91
224,9676;2411,8
224,8265;2430,06
225,2279;2439,07
224,9267;2436,1
225,4046;2429,33
225,4588;2433,14
225,4603;2433,79
225,2117;2431,77
225,4159;2429,39
225,3078;2440,35
225,8713;2437,92
225,0017;2432,46
225,0392;2433,15
225,0482;2453,46
225,3439;2437,03
225,4643;2435,61
225,5849;2434,5
225,4058;2438,3
225,4561;2439,07
224,1082;2419,38
223,9342;2440,69
222,6728;2419,7
222,364;2423,41
222,0957;2429,01
222,1468;2429,01
222,2849;2432,54
221,0326;2409,75
221,0082;2425,18
221,4093;2427,43
221,0693;2425,53
221,7369;2443,25
221,4822;2447,83
221,4726;2459,27
221,6579;2459,14
221,9526;2460,61
222,2603;2473,83
222,1595;2473,45
222,5936;2472,54
222,7284;2469,91
221,8384;2477,13
222,0091;2477,83
222,3448;2475,42
222,1466;2472,1
222,2323;2470,3
223,1912;2476,35
223,2102;2477,57
223,6165;2472,16
223,4187;2476,83
223,5933;2480,91
223,3269;2474,92
224,1335;2474,02
224,3524;2438,21
224,8344;2441,32
224,4847;2465,84
224,0955;2464,61
223,9528;2468,11
224,049;2430,01
224,542;2425,55
224,5916;2428,37
224,5454;2452,51
224,9848;2444,04
224,9201;2438,97
224,8541;2443,05
224,9806;2444,24
225,5763;2446,3
225,2487;2457,59
225,1899;2471,65
224,7772;2476,55
224,9228;2476,55
225,4369;2457,85
225,3997;2465,54
225,9026;2465,1
225,6177;2461,43
225,3852;2488,11
224,357;2496,48
224,2333;2498,37
224,0594;2495,62
223,7362;2500,23
223,4323;2503,87
223,5568;2506,65
223,7935;2508,24
223,593;2500,6
223,5802;2502,22
224,3632;2496,66
224,143;2496,84
223,4436;2507,04
223,1709;2510,06
223,4598;2519,36
223,7014;2529,12
223,5169;2534,58
223,6856;2537,74
223,5004;2552,07
223,4409;2549,33
223,7151;2544,73
223,7495;2550,64
223,4872;2555,24
223,6495;2550,93
224,1812;2553,17
224,6656;2557,64
224,7964;2559,36
224,3787;2561,26
224,4461;2562,1
223,523;2575,21
223,8027;2564,98
223,1924;2569,13
223,0869;2557,15
223,6334;2560,4
224,2753;2581,07
224,6544;2572,83
224,799;2575,26
224,6374;2579,36
224,6636;2579,85
224,7035;2587,84
225,066;2591,13
225,1274;2590,64
225,2774;2594,38
224,3761;2584,62
223,9387;2582,3
223,8224;2584,84
224,1219;2578,87
224,3906;2564,62
224,4102;2585,64
224,5935;2578,85
224,7389;2582,14
224,967;2599,03
224,9089;2597,08
225,0012;2597,08
224,7922;2602,42
225,0423;2601,42
225,0834;2627,04
224,3837;2626,07
224,6523;2647,58
225,6373;2642,22
225,2387;2639,44
225,4785;2629,57
225,9062;2629,27
225,9374;2636,98
225,7095;2651,5
225,8502;2659,99
225,4942;2664,11
225,4827;2662,85
225,4781;2652,01
225,7779;2675,81
225,6363;2690,16
224,55;2681,47
223,9055;2679,25
223,8645;2684,57
223,8719;2683,34
223,8719;2683,34
223,8719;2680,5
224,3452;2682,62
223,7197;2687,54
223,525;2673,61
223,525;2673,61
223,0238;2695,81
223,3728;2713,06
223,4132;2723,99
223,3489;2743,15
223,5329;2747,71
222,8998;2751,29
222,6946;2748,23
222,053;2767,56
222,1739;2786,24
222,0985;2786,24
222,573;2776,42
222,6795;2802,56
222,3423;2798,03
222,3947;2810,3
222,5164;2832,97
222,5626;2839,13
222,1469;2837,54
222,0026;2839,25
221,8934;2872,87
220,9321;2853,53
220,996;2822,43
221,1445;2823,81
220,9154;2821,98
220,1958;2762,13
220,3777;2648,94
221,1611;2695,14
220,574;2681,66
220,1046;2581
220,3867;2619,55
220,4065;2656
220,3735;2662,94
220,1867;2698,63
220,0784;2731,2
220,7364;2732,22
220,3214;2732,22
220,4317;2716,26
220,5632;2701,33
220,7754;2703,96
221,547;2747,3
221,6897;2779,6
221,3282;2744,28
221,5491;2713,83
221,8035;2677,67
221,8743;2691,25
221,9415;2720,94
221,283;2728,12
221,5526;2726,8
221,9573;2738,97
221,68;2786,57
222,0042;2783,02
222,1391;2765,31
222,5739;2749,48
222,7895;2747,33
222,8844;2752,01
222,9746;2712,92
222,8844;2716,94
222,6966;2711,93
223,7744;2643,69
223,6762;2588,26
223,6877;2658,55
224,0249;2612,62
224,0677;2605
224,066;2640,87
224,066;2640,87
224,066;2581,88
223,93;2614,45
224,0945;2644,69
223,5951;2662,84
224,0097;2604,47
223,7826;2613,16
223,5869;2656,87
224,0017;2642,19
223,7231;2663,99
223,7451;2656,3
223,5297;2677,84
223,7638;2706,39
223,4864;2708,64
222,6208;2693,13
222,5128;2670,14
222,114;2670,29
222,0793;2634,56
222,0275;2639,4
222,6427;2666,94
222,9862;2669,91
222,9975;2648,05
222,9975;2654,8
222,8171;2635,67
223,4246;2629,73
223,2288;2663,42
223,5201;2672,63
223,021;2671,92
222,9862;2697,79
223,2485;2723,07
223,0285;2727,72
222,3232;2730,13
221,9231;2711,45
222,3269;2722,46
221,9367;2720,13
222,7326;2712,97
223,3575;2733,01
222,9957;2724,44
223,8516;2733,29
224,424;2727,76
225,267;2721,33
226,3711;2721,33
227,3582;2689,86
226,4555;2724,01
226,7538;2705,27
225,9648;2734,62
225,3629;2746,87
225,8678;2748,8
224,6662;2772,35
224,1754;2770,37
224,992;2779,03
224,2057;2782
224,2632;2786,85
224,4566;2775,63
224,9186;2782,49
225,1384;2779,66
225,0457;2773,75
225,554;2762,59
225,514;2767,32
226,1123;2749,76
226,075;2754,88
226,2326;2717,07
226,0933;2723,06
226,4821;2699,63
226,7473;2716,31
226,9662;2718,37
227,1003;2726,71
227,2599;2713,22
226,9956;2713,22
227,1504;2736,61
227,2027;2759,82
226,8659;2784,17
226,6666;2793,84
226,8135;2774,02
227,0151;2798,29
227,1552;2801,31
226,6697;2798,43
227,0145;2809,55
227,0721;2815,62
227,1672;2804,49
226,6194;2801,83
226,1938;2806,98
226,3958;2820,4
226,5194;2846,07
226,2809;2837,44
226,1521;2818,82
225,4684;2802,6
225,6578;2816,29
224,9528;2813,36
225,3278;2827,22
226,169;2840,35
226,4629;2850,4
226,1258;2858,45
226,1814;2857,7
226,5945;2853,58
227,5188;2833,28
227,5291;2821,93
227,3866;2839,96
227,8944;2818,37
227,6631;2840,69
227,8529;2850,13
227,895;2857,05
227,3735;2862,96
227,0804;2861,82
227,064;2856,98
227,0645;2874,69
226,542;2896,74
226,3551;2897,52
226,0137;2914,04
226,9033;2901,13
227,195;2901,52
227,1157;2901,52
226,7381;2896,72
226,2608;2888,6
226,801;2878,05
226,2696;2871,68
225,9432;2877,13
225,5432;2887,89
225,8865;2888,92
225,7217;2904,18
225,4362;2904,98
225,3471;2888,8
225,0166;2904,31
224,8837;2907,95
224,9632;2930,75
225,2517;2929,67
224,6198;2919,37
224,1815;2915,56
224,3531;2905,97
224,4666;2914
225,2342;2913,98
225,0924;2924,59
225,8715;2923,43
225,3041;2925,51
224,4592;2901,61
223,9201;2885,57
224,198;2884,43
224,3522;2880,34
224,1375;2785,68
224,6347;2728,37
224,8441;2767,13
224,8763;2750,79
225,0171;2809,92
225,4908;2809,21
225,8906;2768,78
225,8697;2767,78
225,7725;2755,88
226,2343;2740,69
226,6072;2656,1
226,5288;2705,57
227,2722;2658,69
226,5928;2641,25
226,7256;2682,63
226,6193;2711,74
226,299;2740,37
225,9339;2723,06
226,0134;2738,31
225,9666;2755,45
225,7122;2813,89
225,5697;2806,83
226,233;2781,01
226,4941;2726,22
226,2262;2722,18
226,2206;2701,58
226,8715;2730,2
226,7435;2736,27
226,578;2690,73
226,9959;2641,89
226,5967;2649,93
226,6026;2649,93
227,2397;2632,56
226,8061;2673,45
227,0047;2682,17
226,9005;2743,79
227,4142;2737,76
227,591;2760,17
227,5759;2790,37
228,3214;2700,06
228,1879;2700,06
228,9924;2695,95
228,593;2633,08
228,972;2637,72
229,1545;2636,78
228,6956;2651,07
228,3836;2650,54
228,6115;2599,95
228,5579;2545,94
228,7834;2546,16
228,7528;2506,96
229,0294;2467,42
228,7734;2416,62
228,783;2351,1
228,783;2351,1
228,783;2467,7
229,1097;2488,83
228,792;2485,74
228,8016;2506,85
228,8016;2506,85
229,8971;2510,03
230,0139;2447,89
229,1385;2531,94
229,0814;2549,69
228,8843;2574,41
229,101;2584,96
229,2867;2596,64
229,4857;2596,26
229,6461;2582,61
229,9561;2610,3
229,5822;2616,1
229,3044;2635,96
229,0169;2670,71
229,0399;2670,71
229,4176;2632,9
229,4859;2638,7
230,2972;2642,33
230,12;2664,76
229,852;2643,85
229,9752;2640
230,1271;2681,05
230,584;2704,1
230,4109;2706,53
230,1671;2724,87
230,3347;2737,7
230,3317;2731,61
231,1798;2706,05
231,5969;2707,88
231,0834;2709,8
230,7063;2744,73
230,7978;2753,03
231,3228;2745,73
231,1889;2775,6
231,0063;2775,6
231,0496;2779,76
231,1532;2784,7
230,695;2774,88
231,277;2792,67
230,9888;2796,11
230,7852;2793,9
230,2035;2792,38
229,7994;2784,49
229,5984;2803,69
229,9319;2792,81
229,8725;2789,65
230,3977;2771,45
231,3777;2748,93
231,3562;2743,07
231,3851;2783,3
231,3896;2791,52
231,2846;2810,92
231,0074;2808,48
230,9894;2822,48
231,1534;2832,94
230,8328;2832,57
231,1491;2824,23
231,8917;2854,88
233,1002;2800,71
233,0379;2798,36
233,0574;2818,46
234,0975;2805,37
233,815;2815,44
233,636;2834,4
232,9075;2867,19
233,4049;2867,24
232,4587;2873,4
232,7702;2879,39
232,6208;2892,74
232,5801;2895,77
232,6896;2878,2
233,1161;2888,21
232,7185;2888,32
231,5658;2907,41
231,5063;2905,58
231,4221;2907,06
231,145;2900,45
232,1293;2905,03
232,1293;2905,03
232,1293;2907,97
231,8628;2933,68
232,7932;2927,25
232,7043;2926,17
232,8609;2939,88
232,5448;2943,03
232,313;2945,83
232,313;2923,73
232,219;2917,52
232,2553;2945,64
232,3923;2932,47
233,0677;2884,05
233,3026;2879,42
233,3832;2870,72
233,3128;2881,4
233,7052;2811,87
233,861;2834,41
234,341;2850,96
234,2649;2876,32
234,3173;2859,53
234,0028;2840,23
233,5347;2864,36
233,7793;2856,27
234,3019;2822,24
234,3493;2826,06
234,8828;2826,06
235,053;2802,39
235,3422;2783,02
235,2918;2788,86
235,8538;2752,06
235,9562;2744,45
236,0971;2803,27
236,3067;2826,15
236,6748;2843,49
237,1625;2873,34
236,2747;2886,73
236,5276;2885,72
236,6799;2879,84
236,7961;2891,64
237,2457;2886,98
236,9158;2889,67
238,4402;2917,75
237,7098;2926,46
238,4302;2954,18
237,7059;2950,46
238,1975;2945,35
238,5987;2917,38
238,1684;2913,78
238,2684;2924,92
238,3028;2941,76
238,8575;2964,33
238,7423;2973,01
239,2557;2995,82
239,3815;2995,82
238,6078;2990,41
238,9794;2975,95
238,5931;2979,63
237,8007;2993,07
236,8609;2999,91
236,7191;3013,77
237,459;3014,3
237,4946;3004,04
238,1624;2984,42
238,4334;2995,11
238,4958;2976,61
238,9697;2985,03
239,068;3005,47
239,5553;3019,56
239,1153;3003,67
239,4209;3025,86
239,7381;3020,97
239,8697;3013,18
240,5935;2980,38
241,2067;2953,56
241,8421;2932,05
242,4193;2844,74
242,8548;2881,77
243,9533;2883,98
243,2347;2938,09
243,5979;2918,65
244,033;2883,75
244,5042;2926,32
245,3248;2840,6
246,4039;2847,6
245,6845;2888,68
244,8182;2923,65
245,5513;2900,51
245,3551;2924,43
244,526;2922,95
245,1045;2847,11
245,1934;2878,38
245,8474;2869,16
246,4856;2887,94
245,9034;2924,58
246,0557;2926,46
245,7107;2926,46
246,4047;2906,27
245,3574;2937,78
243,429;2976
244,3924;2978,71
243,0043;2978,43
242,6501;2979,39
242,9291;3000,93
242,5128;3009,57
240,5464;3007,39
241,2348;2997,96
241,1865;3005,7
241,9454;3006,73
241,9515;3006,79
242,2495;2992,07
243,6417;2991,78
244,0191;2966,6
243,6866;2984,87
243,7069;2977,62
243,4609;2961,79
243,3787;2976,74
243,2128;2940,25
242,6944;2887,61
243,5258;2910,63
243,5251;2952,01
243,2385;2938,79
243,6089;2893,06
242,8341;2919,4
241,555;2938,13
240,6919;2970,27
240,9539;2966,15
240,033;2995,68
239,6119;2989,69
239,8222;2997,95
239,4956;2986,2
238,6741;3006,72
239,3914;2995,99
239,8999;3004,52
240,0001;3010,29
239,3424;3022,55
238,4658;3039,42
238,8877;3036,89
238,9066;3046,77
239,9004;3037,56
239,3439;3066,91
238,7298;3078,27
238,1822;3074,62
238,3819;3076,78
237,0128;3085,18
237,2251;3093,08
237;3087,01
236,9789;3091,84
238,0395;3094,04
238,8516;3096,63
238,6655;3120,46
238,5975;3122,03
238,6737;3120,18
238,8938;3108,46
238,4304;3103,54
239,0436;3110,29
238,8047;3133,64
239,2182;3140,52
239,2013;3153,63
239,0718;3153,63
238,932;3140,98
237,4126;3113,87
238,8028;3093,2
238,2896;3112,76
237,8449;3117,43
237,664;3145,91
237,9245;3135,96
237,7818;3132,52
238,1747;3141,63
237,1517;3168,57
237,6341;3168,8
237,3754;3191,45
237,7089;3192,52
236,9586;3191,14
236,7087;3205,37
236,9322;3221,22
236,8026;3224,01
236,8289;3223,38
236,8289;3223,38
236,8289;3239,91
236,9203;3240,02
235,672;3221,29
235,6808;3230,78
235,6808;3230,78
236,5015;3257,85
237,4631;3234,85
237,5407;3246,28
237,3343;3237,18
236,871;3253,05
236,127;3274,7
236,3016;3265,35
235,5398;3288,13
235,875;3283,15
236,4021;3289,29
236,6705;3316,81
236,5139;3329,62
236,5451;3329,62
237,1966;3320,79
237,3286;3321,75
238,0479;3325,54
238,3326;3295,47
239,4531;3243,63
238,8645;3276,24
239,298;3273,4
239,9429;3283,66
240,5312;3225,52
240,2901;3248,92
239,8036;3297,59
238,9753;3334,69
238,7677;3345,78
239,2568;3327,71
239,673;3352,09
239,2779;3357,75
239,0429;3379,45
239,3848;3373,94
239,6344;3380,16
239,5891;3380,16
239,633;3370,29
239,7993;3386,15
240,3205;3373,23
240,4624;3337,75
241,2122;3225,89
241,8221;3128,21
241,4412;3116,39
242,4078;2978,76
243,8401;2954,22
244,353;3090,23
244,1441;3003,37
244,3408;3130,12
245,0791;3023,94
246,5264;2972,37
249,3283;2746,56
248,946;2882,23
248,4059;2741,38
247,88;2480,64
245,0478;2711,02
242,9363;2386,13
242,8388;2529,19
238,6252;2398,1
237,0878;2409,39
240,04;2304,92
240,7197;2237,4
239,2651;2447,33
237,7744;2475,56
239,1169;2630,07
241,0957;2541,47
242,1581;2626,65
240,5981;2584,59
240,9613;2470,5
240,6133;2526,9
241,0837;2488,65
240,5629;2663,68
238,8698;2659,41
238,7372;2749,98
239,1585;2789,82
239,1585;2789,82
239,1585;2761,63
239,9183;2846,06
241,5221;2783,36
241,4517;2799,55
241,4699;2874,56
240,851;2823,16
241,542;2736,56
240,5015;2799,31
240,6608;2797,8
241,533;2836,74
241,0067;2878,48
241,2415;2863,39
241,6741;2939,51
243,5177;2912,43
243,5177;2830,71
242,7416;2842,74
243,0984;2868,44
241,6467;2848,42
242,2589;2881,19
242,1187;2929,8
241,7493;2930,32
241,6501;2870,12
242,083;2820
242,0965;2852,5
242,2147;2863,7
241,3871;2953,91
240,8516;2922,94
240,9601;2971,61
241,3455;2948,51
241,2668;2955,45
241,1599;2955,45
240,0276;2991,77
239,8855;3036,13
239,7573;3029,73
240,2851;3044,31
239,0503;3055,73
239,4376;3080,82
238,3276;3122,87
237,5293;3112,35
236,4911;3193,93
237,3665;3232,39
237,543;3207,18
237,9409;3190,14
239,7456;3002,1
240,0447;3041,31
239,9469;3066,59
239,7903;3124,74
239,8103;3113,49
240,1561;3115,34
240,2611;3097,74
240,6256;3117,86
239,8196;3131,29
240,4638;3050,33
241,1894;3083,76
241,3393;3009,05
241,2324;3053,24
241,0141;3100,29
239,5283;3115,86
240,303;3130,01
240,3067;3130,01
240,1845;3179,72
240,2335;3145,32
240,6251;3169,94
241,1478;3152,05
241,4451;3185,04
240,1021;3155,22
240,9184;3197,52
240,7917;3226,56
241,2892;3215,57
240,8133;3224,73
241,0512;3251,84
241,0427;3257,3
241,794;3276,02
241,6123;3235,66
240,8783;3215,63
241,7075;3239,41
242,1506;3218,44
241,8524;3258,44
242,8026;3246,22
242,5195;3271,12
242,2009;3294,61
242,9055;3306,51
241,9697;3327,77
242,5312;3349,16
241,9844;3351,28
242,3486;3360,47
241,245;3333,69
240,733;3380,35
239,9405;3373,43
240,149;3372,85
240,6796;3381,99
240,9554;3389,78
241,1812;3374,85
241,6932;3385,51
241,7761;3397,16
241,587;3431,28
240,1188;3443,62
239,8389;3478,73
239,4228;3484,55
239,6068;3508,01
239,5428;3500,31
239,732;3526,65
240,9315;3580,84
241,5545;3455,06
241,1261;3426,96
240,7134;3426,96
240,7134;3426,96
